,index,Entry,Entry Name,Reviewed,Protein names,Gene Names,Organism,Length,pdb,count
0,0,Q9CQ75,NDUA2_MOUSE,reviewed,NADH dehydrogenase [ubiquinone] 1 alpha subcomplex subunit 2 (Complex I-B8) (CI-B8) (NADH-ubiquinone oxidoreductase B8 subunit),Ndufa2,Mus musculus (Mouse),99,6G2J_S,7
1,1,Q9CQ62,DECR_MOUSE,reviewed,"2,4-dienoyl-CoA reductase [(3E)-enoyl-CoA-producing], mitochondrial (EC 1.3.1.124) (2,4-dienoyl-CoA reductase [NADPH]) (4-enoyl-CoA reductase [NADPH])",Decr1,Mus musculus (Mouse),335,afQ9CQ62_A,17
2,2,Q99KI0,ACON_MOUSE,reviewed,"Aconitate hydratase, mitochondrial (Aconitase) (EC 4.2.1.3) (Citrate hydro-lyase)",Aco2,Mus musculus (Mouse),780,1B0J_A,71
3,3,Q925I1,ATAD3_MOUSE,reviewed,ATPase family AAA domain-containing protein 3 (AAA-ATPase TOB3),Atad3 Atad3a Kiaa1273,Mus musculus (Mouse),591,afQ925I1_A,11
4,4,P58281,OPA1_MOUSE,reviewed,"Dynamin-like 120 kDa protein, mitochondrial (EC 3.6.5.5) (Large GTP-binding protein) (LargeG) (Optic atrophy protein 1 homolog) [Cleaved into: Dynamin-like 120 kDa protein, form S1]",Opa1,Mus musculus (Mouse),960,afP58281_A,28
5,5,P54071,IDHP_MOUSE,reviewed,"Isocitrate dehydrogenase [NADP], mitochondrial (IDH) (EC 1.1.1.42) (ICD-M) (IDP) (NADP(+)-specific ICDH) (Oxalosuccinate decarboxylase)",Idh2,Mus musculus (Mouse),452,5I96_A,67
6,6,O08749,DLDH_MOUSE,reviewed,"Dihydrolipoyl dehydrogenase, mitochondrial (EC 1.8.1.4) (Dihydrolipoamide dehydrogenase)",Dld,Mus musculus (Mouse),509,3RNM_A,20
7,7,P08249,MDHM_MOUSE,reviewed,"Malate dehydrogenase, mitochondrial (EC 1.1.1.37)",Mdh2 Mor1,Mus musculus (Mouse),338,2DFD_A,60
8,8,Q9DCX2,ATP5H_MOUSE,reviewed,"ATP synthase subunit d, mitochondrial (ATPase subunit d) (ATP synthase peripheral stalk subunit d)",Atp5pd Atp5h,Mus musculus (Mouse),161,afQ9DCX2_A,14
9,9,P97450,ATP5J_MOUSE,reviewed,"ATP synthase-coupling factor 6, mitochondrial (ATPase subunit F6) (ATP synthase peripheral stalk subunit F6)",Atp5pf Atp5j,Mus musculus (Mouse),108,afP97450_A,5
10,10,Q9DCW4,ETFB_MOUSE,reviewed,Electron transfer flavoprotein subunit beta (Beta-ETF),Etfb,Mus musculus (Mouse),255,1EFV_B,17
11,11,Q9CPQ1,COX6C_MOUSE,reviewed,Cytochrome c oxidase subunit 6C (Cytochrome c oxidase polypeptide VIc),Cox6c,Mus musculus (Mouse),76,7O37_i,2
12,12,Q8QZT1,THIL_MOUSE,reviewed,"Acetyl-CoA acetyltransferase, mitochondrial (EC 2.3.1.9) (Acetoacetyl-CoA thiolase)",Acat1,Mus musculus (Mouse),424,afQ8QZT1_A,26
13,13,Q8CAQ8,MIC60_MOUSE,reviewed,MICOS complex subunit Mic60 (Mitochondrial inner membrane protein) (Mitofilin),Immt Mic60,Mus musculus (Mouse),757,afQ8CAQ8_A,101
14,14,Q8BMS1,ECHA_MOUSE,reviewed,"Trifunctional enzyme subunit alpha, mitochondrial (Monolysocardiolipin acyltransferase) (EC 2.3.1.-) (TP-alpha) [Includes: Long-chain enoyl-CoA hydratase (EC 4.2.1.17); Long chain 3-hydroxyacyl-CoA dehydrogenase (EC 1.1.1.211)]",Hadha,Mus musculus (Mouse),763,afQ8BMS1_A,86
15,15,P97807,FUMH_MOUSE,reviewed,"Fumarate hydratase, mitochondrial (Fumarase) (EC 4.2.1.2) (EF-3)",Fh Fh1,Mus musculus (Mouse),507,3E04_A,18
16,16,Q91VD9,NDUS1_MOUSE,reviewed,"NADH-ubiquinone oxidoreductase 75 kDa subunit, mitochondrial (EC 7.1.1.2) (Complex I-75kD) (CI-75kD)",Ndufs1,Mus musculus (Mouse),727,6G2J_G,11
17,17,P48962,ADT1_MOUSE,reviewed,"ADP/ATP translocase 1 (ADP,ATP carrier protein 1) (ADP,ATP carrier protein, heart/skeletal muscle isoform T1) (Adenine nucleotide translocator 1) (ANT 1) (Solute carrier family 25 member 4)",Slc25a4 Aac1 Anc1 Ant1,Mus musculus (Mouse),298,1OKC_A,34
18,18,P38647,GRP75_MOUSE,reviewed,"Stress-70 protein, mitochondrial (75 kDa glucose-regulated protein) (GRP-75) (Heat shock 70 kDa protein 9) (Mortalin) (Peptide-binding protein 74) (PBP74) (p66 MOT)",Hspa9 Grp75 Hsp74 Hspa9a,Mus musculus (Mouse),679,4KBO_A,23
19,21,Q9D0K2,SCOT1_MOUSE,reviewed,"Succinyl-CoA:3-ketoacid coenzyme A transferase 1, mitochondrial (SCOT) (EC 2.8.3.5) (3-oxoacid CoA-transferase 1) (Somatic-type succinyl-CoA:3-oxoacid CoA-transferase) (SCOT-s) (Succinyl-CoA:3-oxoacid CoA transferase)",Oxct1 Oxct Scot,Mus musculus (Mouse),520,3DLX_A,24
20,22,Q6P8J7,KCRS_MOUSE,reviewed,"Creatine kinase S-type, mitochondrial (EC 2.7.3.2) (Basic-type mitochondrial creatine kinase) (Mib-CK) (Sarcomeric mitochondrial creatine kinase) (S-MtCK)",Ckmt2,Mus musculus (Mouse),419,4Z9M_A,57
21,23,Q9D2G2,ODO2_MOUSE,reviewed,"Dihydrolipoyllysine-residue succinyltransferase component of 2-oxoglutarate dehydrogenase complex, mitochondrial (EC 2.3.1.61) (2-oxoglutarate dehydrogenase complex component E2) (OGDC-E2) (Dihydrolipoamide succinyltransferase component of 2-oxoglutarate dehydrogenase complex) (E2K)",Dlst,Mus musculus (Mouse),454,6H05_A,13
22,24,Q9D172,GAL3A_MOUSE,reviewed,"Glutamine amidotransferase-like class 1 domain-containing protein 3, mitochondrial",Gatd3 D10Jhu81e Gatd3a,Mus musculus (Mouse),266,afQ9D172_A,17
23,25,Q99NB1,ACS2L_MOUSE,reviewed,"Acetyl-coenzyme A synthetase 2-like, mitochondrial (EC 6.2.1.1) (Acetate--CoA ligase 2) (Acetyl-CoA synthetase 2) (AceCS2) (Acyl-CoA synthetase short-chain family member 1) (Propionate--CoA ligase) (EC 6.2.1.17)",Acss1 Acas2 Acas2l,Mus musculus (Mouse),682,afQ99NB1_A,8
24,28,Q61425,HCDH_MOUSE,reviewed,"Hydroxyacyl-coenzyme A dehydrogenase, mitochondrial (HCDH) (EC 1.1.1.35) (Medium and short-chain L-3-hydroxyacyl-coenzyme A dehydrogenase) (Short-chain 3-hydroxyacyl-CoA dehydrogenase)",Hadh Hadhsc Mschad Schad,Mus musculus (Mouse),314,3HDH_A,15
25,29,Q03265,ATPA_MOUSE,reviewed,"ATP synthase subunit alpha, mitochondrial (ATP synthase F1 subunit alpha)",Atp5f1a Atp5a1,Mus musculus (Mouse),553,6TT7_A,74
26,30,P99028,QCR6_MOUSE,reviewed,"Cytochrome b-c1 complex subunit 6, mitochondrial (Complex III subunit 6) (Complex III subunit VIII) (Cytochrome c1 non-heme 11 kDa protein) (Mitochondrial hinge protein) (Ubiquinol-cytochrome c reductase complex 11 kDa protein)",Uqcrh,Mus musculus (Mouse),89,7O37_H,2
27,32,P52825,CPT2_MOUSE,reviewed,"Carnitine O-palmitoyltransferase 2, mitochondrial (EC 2.3.1.21) (Carnitine palmitoyltransferase II) (CPT II)",Cpt2 Cpt-2,Mus musculus (Mouse),658,4EYW_A,12
28,33,P50544,ACADV_MOUSE,reviewed,"Very long-chain specific acyl-CoA dehydrogenase, mitochondrial (EC 1.3.8.9) (MVLCAD) (VLCAD)",Acadvl Vlcad,Mus musculus (Mouse),656,afP50544_A,34
29,35,Q9CPQ8,ATP5L_MOUSE,reviewed,"ATP synthase subunit g, mitochondrial (ATPase subunit g) (ATP synthase membrane subunit g)",Atp5mg Atp5l,Mus musculus (Mouse),103,afQ9CPQ8_A,5
30,38,P05202,AATM_MOUSE,reviewed,"Aspartate aminotransferase, mitochondrial (mAspAT) (EC 2.6.1.1) (EC 2.6.1.7) (Fatty acid-binding protein) (FABP-1) (Glutamate oxaloacetate transaminase 2) (Kynurenine aminotransferase 4) (Kynurenine aminotransferase IV) (Kynurenine--oxoglutarate transaminase 4) (Kynurenine--oxoglutarate transaminase IV) (Plasma membrane-associated fatty acid-binding protein) (FABPpm) (Transaminase A)",Got2 Got-2,Mus musculus (Mouse),430,3PD6_A,34
31,40,Q9DB15,RM12_MOUSE,reviewed,"39S ribosomal protein L12, mitochondrial (L12mt) (MRP-L12)",Mrpl12 Rpml12,Mus musculus (Mouse),201,2FTC_E,7
32,44,P47738,ALDH2_MOUSE,reviewed,"Aldehyde dehydrogenase, mitochondrial (EC 1.2.1.3) (AHD-M1) (ALDH class 2) (ALDH-E2) (ALDHI)",Aldh2 Ahd-1 Ahd1,Mus musculus (Mouse),519,5L13_A,8
33,46,Q9CXJ4,MITOS_MOUSE,reviewed,"Mitochondrial potassium channel ATP-binding subunit (ATP-binding cassette sub-family B member 8, mitochondrial) (ABCB8) (Mitochondrial sulfonylurea-receptor) (MITOSUR)",Abcb8 Mitosur,Mus musculus (Mouse),717,afQ9CXJ4_A,2
34,47,Q9CRB9,MIC19_MOUSE,reviewed,MICOS complex subunit Mic19 (Coiled-coil-helix-coiled-coil-helix domain-containing protein 3),Chchd3 Mic19,Mus musculus (Mouse),227,afQ9CRB9_A,45
35,49,Q99MN9,PCCB_MOUSE,reviewed,"Propionyl-CoA carboxylase beta chain, mitochondrial (PCCase subunit beta) (EC 6.4.1.3) (Propanoyl-CoA:carbon dioxide ligase subunit beta)",Pccb,Mus musculus (Mouse),541,afQ99MN9_A,5
36,52,Q80XN0,BDH_MOUSE,reviewed,"D-beta-hydroxybutyrate dehydrogenase, mitochondrial (EC 1.1.1.30) (3-hydroxybutyrate dehydrogenase) (BDH)",Bdh1 Bdh,Mus musculus (Mouse),343,afQ80XN0_A,5
37,53,Q8K2B3,SDHA_MOUSE,reviewed,"Succinate dehydrogenase [ubiquinone] flavoprotein subunit, mitochondrial (EC 1.3.5.1) (Flavoprotein subunit of complex II) (Fp)",Sdha,Mus musculus (Mouse),664,6VAX_A,22
38,55,Q8C196,CPSM_MOUSE,reviewed,"Carbamoyl-phosphate synthase [ammonia], mitochondrial (EC 6.3.4.16) (Carbamoyl-phosphate synthetase I) (CPSase I)",Cps1,Mus musculus (Mouse),1500,6UEL_A,26
39,56,Q9WTP7,KAD3_MOUSE,reviewed,"GTP:AMP phosphotransferase AK3, mitochondrial (EC 2.7.4.10) (Adenylate kinase 3) (AK 3) (Adenylate kinase 3 alpha-like 1)",Ak3 Ak3l Ak3l1 Akl3l,Mus musculus (Mouse),227,1ZD8_A,3
40,61,P41216,ACSL1_MOUSE,reviewed,Long-chain-fatty-acid--CoA ligase 1 (EC 6.2.1.3) (Arachidonate--CoA ligase) (EC 6.2.1.15) (Long-chain acyl-CoA synthetase 1) (LACS 1) (Phytanate--CoA ligase) (EC 6.2.1.24),Acsl1 Acsl2 Facl2,Mus musculus (Mouse),699,afP41216_A,41
41,63,P03930,ATP8_MOUSE,reviewed,ATP synthase protein 8 (A6L) (F-ATPase subunit 8),Mtatp8 Atp8 mt-Atp8,Mus musculus (Mouse),67,afP03930_A,2
42,67,P30275,KCRU_MOUSE,reviewed,"Creatine kinase U-type, mitochondrial (EC 2.7.3.2) (Acidic-type mitochondrial creatine kinase) (Mia-CK) (Ubiquitous mitochondrial creatine kinase) (U-MtCK)",Ckmt1,Mus musculus (Mouse),418,1QK1_A,13
43,68,Q9DB77,QCR2_MOUSE,reviewed,"Cytochrome b-c1 complex subunit 2, mitochondrial (Complex III subunit 2) (Core protein II) (Ubiquinol-cytochrome-c reductase complex core protein 2)",Uqcrc2,Mus musculus (Mouse),453,7O37_B,22
44,70,Q9DCM2,GSTK1_MOUSE,reviewed,Glutathione S-transferase kappa 1 (EC 2.5.1.18) (GST 13-13) (GST class-kappa) (GSTK1-1) (mGSTK1) (Glutathione S-transferase subunit 13),Gstk1,Mus musculus (Mouse),226,afQ9DCM2_A,4
45,71,Q9DB20,ATPO_MOUSE,reviewed,"ATP synthase subunit O, mitochondrial (ATP synthase peripheral stalk subunit OSCP) (Oligomycin sensitivity conferral protein) (OSCP)",Atp5po Atp5o D12Wsu28e,Mus musculus (Mouse),213,afQ9DB20_A,43
46,77,Q60931,VDAC3_MOUSE,reviewed,Voltage-dependent anion-selective channel protein 3 (VDAC-3) (mVDAC3) (Outer mitochondrial membrane protein porin 3),Vdac3,Mus musculus (Mouse),283,afQ60931_A,5
47,79,P63038,CH60_MOUSE,reviewed,"60 kDa heat shock protein, mitochondrial (EC 5.6.1.7) (60 kDa chaperonin) (Chaperonin 60) (CPN60) (HSP-65) (Heat shock protein 60) (HSP-60) (Hsp60) (Mitochondrial matrix protein P1)",Hspd1 Hsp60,Mus musculus (Mouse),573,7AZP_A,61
48,80,Q9Z2I9,SUCB1_MOUSE,reviewed,"Succinate--CoA ligase [ADP-forming] subunit beta, mitochondrial (EC 6.2.1.5) (ATP-specific succinyl-CoA synthetase subunit beta) (A-SCS) (Succinyl-CoA synthetase beta-A chain) (SCS-betaA)",Sucla2,Mus musculus (Mouse),463,6G4Q_B,18
49,81,P62897,CYC_MOUSE,reviewed,"Cytochrome c, somatic",Cycs,Mus musculus (Mouse),105,5C0Z_A,22
50,83,Q8BH59,S2512_MOUSE,reviewed,"Electrogenic aspartate/glutamate antiporter SLC25A12, mitochondrial (Solute carrier family 25 member 12)",Slc25a12,Mus musculus (Mouse),677,afQ8BH59_A,6
51,92,Q9DBM2,ECHP_MOUSE,reviewed,"Peroxisomal bifunctional enzyme (PBE) (PBFE) (L-peroxisomal bifunctional enzyme) (L-PBE) (Multifunctional enzyme 1) (MFE1) (Multifunctional protein 1) (MFP-1) [Includes: Enoyl-CoA hydratase/3,2-trans-enoyl-CoA isomerase (EC 4.2.1.17) (EC 5.3.3.8); 3-hydroxyacyl-CoA dehydrogenase (EC 1.1.1.35)]",Ehhadh L-pbe,Mus musculus (Mouse),718,3ZW8_A,12
52,94,Q60932,VDAC1_MOUSE,reviewed,Voltage-dependent anion-selective channel protein 1 (VDAC-1) (mVDAC1) (Outer mitochondrial membrane protein porin 1) (Plasmalemmal porin) (Voltage-dependent anion-selective channel protein 5) (VDAC-5) (mVDAC5),Vdac1 Vdac5,Mus musculus (Mouse),296,3EMN_X,11
53,95,P47934,CACP_MOUSE,reviewed,Carnitine O-acetyltransferase (Carnitine acetylase) (EC 2.3.1.137) (EC 2.3.1.7) (Carnitine acetyltransferase) (CAT) (CrAT),Crat,Mus musculus (Mouse),626,2H3P_A,8
54,96,P42125,ECI1_MOUSE,reviewed,"Enoyl-CoA delta isomerase 1, mitochondrial (EC 5.3.3.8) (3,2-trans-enoyl-CoA isomerase) (Delta(3),Delta(2)-enoyl-CoA isomerase) (D3,D2-enoyl-CoA isomerase) (Dodecenoyl-CoA isomerase)",Eci1 Dci,Mus musculus (Mouse),289,afP42125_A,7
55,97,P34914,HYES_MOUSE,reviewed,Bifunctional epoxide hydrolase 2 [Includes: Cytosolic epoxide hydrolase 2 (CEH) (EC 3.3.2.10) (Epoxide hydratase) (Soluble epoxide hydrolase) (SEH); Lipid-phosphate phosphatase (EC 3.1.3.76)],Ephx2 Eph2,Mus musculus (Mouse),554,1CQZ_A,2
56,98,P17710,HXK1_MOUSE,reviewed,"Hexokinase-1 (EC 2.7.1.1) (Hexokinase type I) (HK I) (Hexokinase, tumor isozyme)",Hk1,Mus musculus (Mouse),974,1BG3_A,16
57,100,Q8R1S0,COQ6_MOUSE,reviewed,"Ubiquinone biosynthesis monooxygenase COQ6, mitochondrial (EC 1.14.13.-) (Coenzyme Q10 monooxygenase 6)",Coq6,Mus musculus (Mouse),476,afQ8R1S0_A,2
58,101,P45952,ACADM_MOUSE,reviewed,"Medium-chain specific acyl-CoA dehydrogenase, mitochondrial (MCAD) (EC 1.3.8.7)",Acadm,Mus musculus (Mouse),421,afP45952_A,12
59,103,Q60597,ODO1_MOUSE,reviewed,"2-oxoglutarate dehydrogenase complex component E1 (E1o) (OGDC-E1) (OGDH-E1) (EC 1.2.4.2) (2-oxoglutarate dehydrogenase, mitochondrial) (Alpha-ketoglutarate dehydrogenase) (Alpha-KGDH-E1) (Thiamine diphosphate (ThDP)-dependent 2-oxoglutarate dehydrogenase)",Ogdh Kiaa4192,Mus musculus (Mouse),1023,afQ60597_A,15
60,108,Q91VR2,ATPG_MOUSE,reviewed,"ATP synthase subunit gamma, mitochondrial (ATP synthase F1 subunit gamma) (F-ATPase gamma subunit)",Atp5f1c Atp5c1,Mus musculus (Mouse),298,2W6E_G,14
61,111,O35143,ATIF1_MOUSE,reviewed,"ATPase inhibitor, mitochondrial (ATP synthase F1 subunit epsilon) (Inhibitor of F(1)F(o)-ATPase) (IF(1)) (IF1)",Atp5if1 Atpi Atpif1 If1,Mus musculus (Mouse),106,afO35143_A,9
62,114,Q9D6R2,IDH3A_MOUSE,reviewed,"Isocitrate dehydrogenase [NAD] subunit alpha, mitochondrial (EC 1.1.1.41) (Isocitric dehydrogenase subunit alpha) (NAD(+)-specific ICDH subunit alpha)",Idh3a,Mus musculus (Mouse),366,7CE3_A,7
63,119,Q91VS7,MGST1_MOUSE,reviewed,Microsomal glutathione S-transferase 1 (Microsomal GST-1) (EC 2.5.1.18) (Microsomal GST-I),Mgst1,Mus musculus (Mouse),155,5I9K_A,8
64,121,Q8BW75,AOFB_MOUSE,reviewed,Amine oxidase [flavin-containing] B (EC 1.4.3.21) (EC 1.4.3.4) (Monoamine oxidase type B) (MAO-B),Maob,Mus musculus (Mouse),520,afQ8BW75_A,4
65,130,Q9QXX4,S2513_MOUSE,reviewed,"Electrogenic aspartate/glutamate antiporter SLC25A13, mitochondrial (Citrin) (Solute carrier family 25 member 13)",Slc25a13,Mus musculus (Mouse),676,4P5W_A,3
66,133,Q91YT0,NDUV1_MOUSE,reviewed,"NADH dehydrogenase [ubiquinone] flavoprotein 1, mitochondrial (EC 7.1.1.2) (Complex I-51kD) (CI-51kD) (NADH-ubiquinone oxidoreductase 51 kDa subunit)",Ndufv1,Mus musculus (Mouse),464,6G72_F,8
67,137,Q8BH95,ECHM_MOUSE,reviewed,"Enoyl-CoA hydratase, mitochondrial (mECH) (mECH1) (EC 4.2.1.17) (EC 5.3.3.8) (Enoyl-CoA hydratase 1) (ECHS1) (Short-chain enoyl-CoA hydratase) (SCEH)",Echs1,Mus musculus (Mouse),290,1DUB_A,7
68,138,Q9CZ13,QCR1_MOUSE,reviewed,"Cytochrome b-c1 complex subunit 1, mitochondrial (Complex III subunit 1) (Core protein I) (Ubiquinol-cytochrome-c reductase complex core protein 1)",Uqcrc1,Mus musculus (Mouse),480,7O37_A,5
69,139,P56480,ATPB_MOUSE,reviewed,"ATP synthase subunit beta, mitochondrial (EC 7.1.2.2) (ATP synthase F1 subunit beta)",Atp5f1b Atp5b,Mus musculus (Mouse),529,2W6E_D,32
70,145,Q9CR68,UCRI_MOUSE,reviewed,"Cytochrome b-c1 complex subunit Rieske, mitochondrial (EC 7.1.1.8) (Complex III subunit 5) (Cytochrome b-c1 complex subunit 5) (Rieske iron-sulfur protein) (RISP) (Rieske protein UQCRFS1) (Ubiquinol-cytochrome c reductase iron-sulfur subunit) [Cleaved into: Cytochrome b-c1 complex subunit 9 (Su9) (Subunit 9) (8 kDa subunit 9) (Complex III subunit IX) (Cytochrome b-c1 complex subunit 11) (UQCRFS1 mitochondrial targeting sequence) (UQCRFS1 MTS) (Ubiquinol-cytochrome c reductase 8 kDa protein)]",Uqcrfs1,Mus musculus (Mouse),274,5GUP_2,5
71,150,Q8K1Z0,COQ9_MOUSE,reviewed,"Ubiquinone biosynthesis protein COQ9, mitochondrial",Coq9,Mus musculus (Mouse),313,6AWL_A,3
72,154,P40630,TFAM_MOUSE,reviewed,"Transcription factor A, mitochondrial (mtTFA) (Testis-specific high mobility group protein) (TS-HMG)",Tfam Hmgts,Mus musculus (Mouse),243,afP40630_A,5
73,157,Q91WN4,KMO_MOUSE,reviewed,Kynurenine 3-monooxygenase (EC 1.14.13.9) (Kynurenine 3-hydroxylase),Kmo,Mus musculus (Mouse),479,6LKD_A,3
74,160,Q8R4N0,CLYBL_MOUSE,reviewed,"Citramalyl-CoA lyase, mitochondrial (EC 4.1.3.25) ((3S)-malyl-CoA thioesterase) (EC 3.1.2.30) (Beta-methylmalate synthase) (EC 2.3.3.-) (Citrate lyase subunit beta-like protein, mitochondrial) (Citrate lyase beta-like) (Malate synthase) (EC 2.3.3.9)",Clybl Clb,Mus musculus (Mouse),338,afQ8R4N0_A,7
75,164,P35486,ODPA_MOUSE,reviewed,"Pyruvate dehydrogenase E1 component subunit alpha, somatic form, mitochondrial (EC 1.2.4.1) (PDHE1-A type I)",Pdha1 Pdha-1,Mus musculus (Mouse),390,3EXE_A,13
76,166,Q9WUM5,SUCA_MOUSE,reviewed,"Succinate--CoA ligase [ADP/GDP-forming] subunit alpha, mitochondrial (EC 6.2.1.4) (EC 6.2.1.5) (Succinyl-CoA synthetase subunit alpha) (SCS-alpha)",Suclg1,Mus musculus (Mouse),346,1EUC_A,10
77,167,Q99JY0,ECHB_MOUSE,reviewed,"Trifunctional enzyme subunit beta, mitochondrial (TP-beta) [Includes: 3-ketoacyl-CoA thiolase (EC 2.3.1.155) (EC 2.3.1.16) (Acetyl-CoA acyltransferase) (Beta-ketothiolase)]",Hadhb,Mus musculus (Mouse),475,5ZQZ_B,22
78,172,O35459,ECH1_MOUSE,reviewed,"Delta(3,5)-Delta(2,4)-dienoyl-CoA isomerase, mitochondrial (EC 5.3.3.-)",Ech1,Mus musculus (Mouse),327,1DCI_A,12
79,173,Q99LC5,ETFA_MOUSE,reviewed,"Electron transfer flavoprotein subunit alpha, mitochondrial (Alpha-ETF)",Etfa,Mus musculus (Mouse),333,1T9G_R,24
80,177,Q922Q1,MARC2_MOUSE,reviewed,Mitochondrial amidoxime reducing component 2 (mARC2) (EC 1.7.-.-) (Molybdenum cofactor sulfurase C-terminal domain-containing protein 2) (MOSC domain-containing protein 2) (Moco sulfurase C-terminal domain-containing protein 2),Mtarc2 Marc2 Mg87 Mosc2,Mus musculus (Mouse),338,afQ922Q1_A,1
81,182,P56382,ATP5E_MOUSE,reviewed,"ATP synthase subunit epsilon, mitochondrial (ATPase subunit epsilon) (ATP synthase F1 subunit epsilon)",Atp5f1e Atp5e,Mus musculus (Mouse),52,6TT7_I,10
82,183,P56391,CX6B1_MOUSE,reviewed,Cytochrome c oxidase subunit 6B1 (Cytochrome c oxidase subunit VIb isoform 1) (COX VIb-1),Cox6b1 Cox6b,Mus musculus (Mouse),86,7O37_h,7
83,190,Q99KR7,PPIF_MOUSE,reviewed,"Peptidyl-prolyl cis-trans isomerase F, mitochondrial (PPIase F) (EC 5.2.1.8) (Cyclophilin D) (CyP-D) (CypD) (Cyclophilin F) (Rotamase F)",Ppif,Mus musculus (Mouse),206,4TOT_A,1
84,193,Q8BWT1,THIM_MOUSE,reviewed,"3-ketoacyl-CoA thiolase, mitochondrial (EC 2.3.1.16) (Acetyl-CoA acetyltransferase) (EC 2.3.1.9) (Acetyl-CoA acyltransferase) (Acyl-CoA hydrolase, mitochondrial) (EC 3.1.2.-, EC 3.1.2.1, EC 3.1.2.2) (Beta-ketothiolase) (Mitochondrial 3-oxoacyl-CoA thiolase)",Acaa2,Mus musculus (Mouse),397,afQ8BWT1_A,19
85,198,Q8BMF4,ODP2_MOUSE,reviewed,"Dihydrolipoyllysine-residue acetyltransferase component of pyruvate dehydrogenase complex, mitochondrial (EC 2.3.1.12) (Dihydrolipoamide acetyltransferase component of pyruvate dehydrogenase complex) (Pyruvate dehydrogenase complex component E2) (PDC-E2) (PDCE2)",Dlat,Mus musculus (Mouse),642,afQ8BMF4_A,14
86,217,P53395,ODB2_MOUSE,reviewed,"Lipoamide acyltransferase component of branched-chain alpha-keto acid dehydrogenase complex, mitochondrial (EC 2.3.1.168) (Branched-chain alpha-keto acid dehydrogenase complex component E2) (BCKAD-E2) (BCKADE2) (Dihydrolipoamide acetyltransferase component of branched-chain alpha-keto acid dehydrogenase complex) (Dihydrolipoamide branched chain transacylase) (Dihydrolipoyllysine-residue (2-methylpropanoyl)transferase)",Dbt,Mus musculus (Mouse),482,afP53395_A,5
87,220,Q8CGK3,LONM_MOUSE,reviewed,"Lon protease homolog, mitochondrial (EC 3.4.21.53) (Lon protease-like protein) (LONP) (Mitochondrial ATP-dependent protease Lon) (Serine protease 15)",Lonp1 Prss15,Mus musculus (Mouse),949,7NFY_A,17
88,223,P16332,MUTA_MOUSE,reviewed,"Methylmalonyl-CoA mutase, mitochondrial (MCM) (EC 5.4.99.2) (Methylmalonyl-CoA isomerase)",Mmut Mut,Mus musculus (Mouse),748,2XIJ_A,1
89,226,Q9D6M3,GHC1_MOUSE,reviewed,Mitochondrial glutamate carrier 1 (GC-1) (Glutamate/H(+) symporter 1) (Solute carrier family 25 member 22),Slc25a22 Gc1,Mus musculus (Mouse),323,afQ9D6M3_A,1
90,230,P51881,ADT2_MOUSE,reviewed,"ADP/ATP translocase 2 (ADP,ATP carrier protein 2) (Adenine nucleotide translocator 2) (ANT 2) (Solute carrier family 25 member 5) [Cleaved into: ADP/ATP translocase 2, N-terminally processed]",Slc25a5 Aac2 Ant2,Mus musculus (Mouse),298,afP51881_A,13
91,233,Q9DCJ5,NDUA8_MOUSE,reviewed,NADH dehydrogenase [ubiquinone] 1 alpha subcomplex subunit 8 (Complex I-19kD) (CI-19kD) (Complex I-PGIV) (CI-PGIV) (NADH-ubiquinone oxidoreductase 19 kDa subunit),Ndufa8,Mus musculus (Mouse),172,6G2J_X,4
92,236,Q9DC69,NDUA9_MOUSE,reviewed,"NADH dehydrogenase [ubiquinone] 1 alpha subcomplex subunit 9, mitochondrial (Complex I-39kD) (CI-39kD) (NADH-ubiquinone oxidoreductase 39 kDa subunit)",Ndufa9,Mus musculus (Mouse),377,6G2J_P,5
93,239,Q9WUR2,ECI2_MOUSE,reviewed,"Enoyl-CoA delta isomerase 2 (EC 5.3.3.8) (Delta(3),delta(2)-enoyl-CoA isomerase) (D3,D2-enoyl-CoA isomerase) (Dodecenoyl-CoA isomerase) (Peroxisomal 3,2-trans-enoyl-CoA isomerase) (pECI)",Eci2 Peci,Mus musculus (Mouse),391,afQ9WUR2_A,10
94,252,Q99MR8,MCCA_MOUSE,reviewed,"Methylcrotonoyl-CoA carboxylase subunit alpha, mitochondrial (MCCase subunit alpha) (EC 6.4.1.4) (3-methylcrotonyl-CoA carboxylase 1) (3-methylcrotonyl-CoA carboxylase biotin-containing subunit) (3-methylcrotonyl-CoA:carbon dioxide ligase subunit alpha)",Mccc1 Mcca,Mus musculus (Mouse),717,afQ99MR8_A,6
95,275,Q91WS0,CISD1_MOUSE,reviewed,CDGSH iron-sulfur domain-containing protein 1 (MitoNEET),Cisd1 D10Ertd214e Zcd1,Mus musculus (Mouse),108,afQ91WS0_A,8
96,278,P67778,PHB1_MOUSE,reviewed,Prohibitin 1 (B-cell receptor-associated protein 32) (BAP 32),Phb1 Phb,Mus musculus (Mouse),272,afP67778_A,3
97,281,O35857,TIM44_MOUSE,reviewed,Mitochondrial import inner membrane translocase subunit TIM44,Timm44 Mimt44 Tim44,Mus musculus (Mouse),452,afO35857_A,10
98,285,Q9CZU6,CISY_MOUSE,reviewed,"Citrate synthase, mitochondrial (EC 2.3.3.1) (Citrate (Si)-synthase)",Cs,Mus musculus (Mouse),464,5UQS_A,22
99,295,Q9Z0X1,AIFM1_MOUSE,reviewed,"Apoptosis-inducing factor 1, mitochondrial (EC 1.6.99.-) (Programmed cell death protein 8)",Aifm1 Aif Pdcd8,Mus musculus (Mouse),612,3GD3_A,8
100,304,P08228,SODC_MOUSE,reviewed,Superoxide dismutase [Cu-Zn] (EC 1.15.1.1),Sod1,Mus musculus (Mouse),154,3GTT_A,2
101,305,Q07417,ACADS_MOUSE,reviewed,"Short-chain specific acyl-CoA dehydrogenase, mitochondrial (SCAD) (EC 1.3.8.1) (Butyryl-CoA dehydrogenase)",Acads,Mus musculus (Mouse),412,1JQI_A,5
102,306,Q9CZW5,TOM70_MOUSE,reviewed,Mitochondrial import receptor subunit TOM70 (Mitochondrial precursor proteins import receptor) (Translocase of outer membrane 70 kDa subunit) (Translocase of outer mitochondrial membrane protein 70),Tomm70 D16Wsu109e Tomm70a,Mus musculus (Mouse),611,7DHG_C,13
103,307,Q8BIJ6,SYIM_MOUSE,reviewed,"Isoleucine--tRNA ligase, mitochondrial (EC 6.1.1.5) (Isoleucyl-tRNA synthetase) (IleRS)",Iars2,Mus musculus (Mouse),1012,afQ8BIJ6_A,3
104,315,Q64433,CH10_MOUSE,reviewed,"10 kDa heat shock protein, mitochondrial (Hsp10) (10 kDa chaperonin) (Chaperonin 10) (CPN10)",Hspe1,Mus musculus (Mouse),102,4PJ1_1,15
105,318,Q3UJU9,RMD3_MOUSE,reviewed,Regulator of microtubule dynamics protein 3 (RMD-3) (mRMD-3) (Protein FAM82A2) (Protein FAM82C),Rmdn3 Fam82a2 Fam82c,Mus musculus (Mouse),470,afQ3UJU9_A,1
106,320,Q8R1I1,QCR9_MOUSE,reviewed,Cytochrome b-c1 complex subunit 9 (Complex III subunit 9) (Complex III subunit X) (Cytochrome c1 non-heme 7 kDa protein) (Ubiquinol-cytochrome c reductase complex 7.2 kDa protein),Uqcr10,Mus musculus (Mouse),64,7O37_J,2
107,327,P19783,COX41_MOUSE,reviewed,"Cytochrome c oxidase subunit 4 isoform 1, mitochondrial (Cytochrome c oxidase polypeptide IV) (Cytochrome c oxidase subunit IV isoform 1) (COX IV-1)",Cox4i1 Cox4 Cox4a,Mus musculus (Mouse),169,7O37_d,7
108,329,Q3ULD5,MCCB_MOUSE,reviewed,"Methylcrotonoyl-CoA carboxylase beta chain, mitochondrial (MCCase subunit beta) (EC 6.4.1.4) (3-methylcrotonyl-CoA carboxylase 2) (3-methylcrotonyl-CoA carboxylase non-biotin-containing subunit) (3-methylcrotonyl-CoA:carbon dioxide ligase subunit beta)",Mccc2,Mus musculus (Mouse),563,afQ3ULD5_A,5
109,336,Q99LB2,DHRS4_MOUSE,reviewed,Dehydrogenase/reductase SDR family member 4 (EC 1.1.1.184) (EC 1.1.1.300) (NADPH-dependent carbonyl reductase) (CR) (NADPH-dependent retinol dehydrogenase/reductase) (NDRD) (mouNRDR) (Peroxisomal short-chain alcohol dehydrogenase) (PSCD) (Short chain dehydrogenase/reductase family 25C member 2) (Protein SDR25C2),Dhrs4 D14Ucla2,Mus musculus (Mouse),279,afQ99LB2_A,5
110,346,Q06185,ATP5I_MOUSE,reviewed,"ATP synthase subunit e, mitochondrial (ATPase subunit e) (ATP synthase membrane subunit e)",Atp5me Atp5i Atp5k Lfm-1 Lfm1,Mus musculus (Mouse),71,afQ06185_A,6
111,348,P70404,IDHG1_MOUSE,reviewed,"Isocitrate dehydrogenase [NAD] subunit gamma 1, mitochondrial (Isocitric dehydrogenase subunit gamma) (NAD(+)-specific ICDH subunit gamma)",Idh3g,Mus musculus (Mouse),393,6L57_B,4
112,351,Q9CPP6,NDUA5_MOUSE,reviewed,NADH dehydrogenase [ubiquinone] 1 alpha subcomplex subunit 5 (Complex I subunit B13) (Complex I-13kD-B) (CI-13kD-B) (NADH-ubiquinone oxidoreductase 13 kDa-B subunit),Ndufa5,Mus musculus (Mouse),116,6G2J_V,4
113,354,P00015,CYC2_MOUSE,reviewed,"Cytochrome c, testis-specific",Cyct,Mus musculus (Mouse),105,2AIU_A,1
114,360,Q9WTP6,KAD2_MOUSE,reviewed,"Adenylate kinase 2, mitochondrial (AK 2) (EC 2.7.4.3) (ATP-AMP transphosphorylase 2) (ATP:AMP phosphotransferase) (Adenylate monophosphate kinase)",Ak2,Mus musculus (Mouse),239,2C9Y_A,3
115,366,Q9DCS9,NDUBA_MOUSE,reviewed,NADH dehydrogenase [ubiquinone] 1 beta subcomplex subunit 10 (Complex I-PDSW) (CI-PDSW) (NADH-ubiquinone oxidoreductase PDSW subunit),Ndufb10,Mus musculus (Mouse),176,6G2J_p,1
116,381,P16858,G3P_MOUSE,reviewed,Glyceraldehyde-3-phosphate dehydrogenase (GAPDH) (EC 1.2.1.12) (Peptidyl-cysteine S-nitrosylase GAPDH) (EC 2.6.99.-),Gapdh Gapd,Mus musculus (Mouse),333,6LGJ_A,4
117,396,P24270,CATA_MOUSE,reviewed,Catalase (EC 1.11.1.6),Cat Cas-1 Cas1,Mus musculus (Mouse),527,3NWL_A,11
118,404,Q9Z1P6,NDUA7_MOUSE,reviewed,NADH dehydrogenase [ubiquinone] 1 alpha subcomplex subunit 7 (Complex I-B14.5a) (CI-B14.5a) (NADH-ubiquinone oxidoreductase subunit B14.5a),Ndufa7,Mus musculus (Mouse),113,6G2J_r,3
119,411,Q9CR13,FMC1_MOUSE,reviewed,Protein FMC1 homolog (Formation of mitochondrial complex V assembly factor 1),Fmc1,Mus musculus (Mouse),113,afQ9CR13_A,1
120,414,Q62425,NDUA4_MOUSE,reviewed,Cytochrome c oxidase subunit NDUFA4,Ndufa4,Mus musculus (Mouse),82,afQ62425_A,14
121,419,Q99LB7,SARDH_MOUSE,reviewed,"Sarcosine dehydrogenase, mitochondrial (SarDH) (EC 1.5.8.3)",Sardh,Mus musculus (Mouse),919,afQ99LB7_A,2
122,420,P47740,AL3A2_MOUSE,reviewed,Aldehyde dehydrogenase family 3 member A2 (EC 1.2.1.3) (EC 1.2.1.94) (Aldehyde dehydrogenase 3) (Fatty aldehyde dehydrogenase),Aldh3a2 Ahd-3 Ahd3 Aldh3 Aldh4,Mus musculus (Mouse),484,afP47740_A,2
123,435,P54869,HMCS2_MOUSE,reviewed,"Hydroxymethylglutaryl-CoA synthase, mitochondrial (HMG-CoA synthase) (EC 2.3.3.10) (3-hydroxy-3-methylglutaryl coenzyme A synthase)",Hmgcs2,Mus musculus (Mouse),508,2WYA_A,4
124,436,O35129,PHB2_MOUSE,reviewed,Prohibitin-2 (B-cell receptor-associated protein BAP37) (Repressor of estrogen receptor activity),Phb2 Bap Bcap37 Rea,Mus musculus (Mouse),299,afO35129_A,7
125,438,P99029,PRDX5_MOUSE,reviewed,"Peroxiredoxin-5, mitochondrial (EC 1.11.1.24) (Antioxidant enzyme B166) (AOEB166) (Liver tissue 2D-page spot 2D-0014IV) (PLP) (Peroxiredoxin V) (Prx-V) (Peroxisomal antioxidant enzyme) (Thioredoxin peroxidase PMP20) (Thioredoxin-dependent peroxiredoxin 5)",Prdx5 Prdx6,Mus musculus (Mouse),210,1H4O_A,2
126,448,Q8QZS1,HIBCH_MOUSE,reviewed,"3-hydroxyisobutyryl-CoA hydrolase, mitochondrial (EC 3.1.2.4) (3-hydroxyisobutyryl-coenzyme A hydrolase) (HIB-CoA hydrolase) (HIBYL-CoA-H)",Hibch,Mus musculus (Mouse),385,afQ8QZS1_A,8
127,449,Q64521,GPDM_MOUSE,reviewed,"Glycerol-3-phosphate dehydrogenase, mitochondrial (GPD-M) (GPDH-M) (EC 1.1.5.3) (Protein TISP38)",Gpd2 Gdm1,Mus musculus (Mouse),727,afQ64521_A,1
128,463,Q9JK42,PDK2_MOUSE,reviewed,"[Pyruvate dehydrogenase (acetyl-transferring)] kinase isozyme 2, mitochondrial (EC 2.7.11.2) (Pyruvate dehydrogenase kinase isoform 2) (PDH kinase 2)",Pdk2,Mus musculus (Mouse),407,1JM6_A,1
129,468,Q9CQ92,FIS1_MOUSE,reviewed,Mitochondrial fission 1 protein (FIS1 homolog) (Tetratricopeptide repeat protein 11) (TPR repeat protein 11),Fis1 Ttc11,Mus musculus (Mouse),152,1PC2_A,1
130,472,Q9DCN2,NB5R3_MOUSE,reviewed,NADH-cytochrome b5 reductase 3 (B5R) (Cytochrome b5 reductase) (EC 1.6.2.2) (Diaphorase-1),Cyb5r3 Dia1,Mus musculus (Mouse),301,1I7P_A,2
131,479,Q9CQA3,SDHB_MOUSE,reviewed,"Succinate dehydrogenase [ubiquinone] iron-sulfur subunit, mitochondrial (EC 1.3.5.1) (Iron-sulfur subunit of complex II) (Ip)",Sdhb,Mus musculus (Mouse),282,4YTP_B,7
132,483,Q7TMF3,NDUAC_MOUSE,reviewed,NADH dehydrogenase [ubiquinone] 1 alpha subcomplex subunit 12 (Complex I-B17.2) (CI-B17.2) (CIB17.2) (NADH-ubiquinone oxidoreductase subunit B17.2),Ndufa12,Mus musculus (Mouse),145,7AK5_q,2
133,487,Q922B1,MACD1_MOUSE,reviewed,ADP-ribose glycohydrolase MACROD1 (MACRO domain-containing protein 1) (O-acetyl-ADP-ribose deacetylase MACROD1) (EC 3.1.1.106) (Protein LRP16) ([Protein ADP-ribosylaspartate] hydrolase MACROD1) (EC 3.2.2.-) ([Protein ADP-ribosylglutamate] hydrolase MACROD1) (EC 3.2.2.-),Macrod1 Lrp16,Mus musculus (Mouse),323,2X47_A,4
134,490,Q6PCP5,MFF_MOUSE,reviewed,Mitochondrial fission factor,Mff,Mus musculus (Mouse),291,afQ6PCP5_A,1
135,492,P61922,GABT_MOUSE,reviewed,"4-aminobutyrate aminotransferase, mitochondrial (EC 2.6.1.19) ((S)-3-amino-2-methylpropionate transaminase) (EC 2.6.1.22) (GABA aminotransferase) (GABA-AT) (Gamma-amino-N-butyrate transaminase) (GABA transaminase) (GABA-T) (L-AIBAT)",Abat Gabat,Mus musculus (Mouse),500,1OHV_A,1
136,493,Q9EQ20,MMSA_MOUSE,reviewed,"Methylmalonate-semialdehyde dehydrogenase [acylating], mitochondrial (MMSDH) (Malonate-semialdehyde dehydrogenase [acylating]) (EC 1.2.1.18) (EC 1.2.1.27) (Aldehyde dehydrogenase family 6 member A1)",Aldh6a1,Mus musculus (Mouse),535,afQ9EQ20_A,5
137,502,Q80U63,MFN2_MOUSE,reviewed,Mitofusin-2 (EC 3.6.5.-) (Hypertension-related protein 1) (Mitochondrial assembly regulatory factor) (HSG protein) (Transmembrane GTPase MFN2),Mfn2 Kiaa0214 Marf,Mus musculus (Mouse),757,6JFK_A,1
138,503,P51660,DHB4_MOUSE,reviewed,"Peroxisomal multifunctional enzyme type 2 (MFE-2) (17-beta-hydroxysteroid dehydrogenase 4) (17-beta-HSD 4) (D-bifunctional protein) (DBP) (Multifunctional protein 2) (MFP-2) [Cleaved into: (3R)-hydroxyacyl-CoA dehydrogenase (EC 1.1.1.n12); Enoyl-CoA hydratase 2 (EC 4.2.1.107) (EC 4.2.1.119) (3-alpha,7-alpha,12-alpha-trihydroxy-5-beta-cholest-24-enoyl-CoA hydratase)]",Hsd17b4 Edh17b4,Mus musculus (Mouse),735,afP51660_A,3
139,506,Q9CQR4,ACO13_MOUSE,reviewed,Acyl-coenzyme A thioesterase 13 (Acyl-CoA thioesterase 13) (EC 3.1.2.-) (Hotdog-fold thioesterase superfamily member 2) (Palmitoyl-CoA hydrolase) (EC 3.1.2.2) (Thioesterase superfamily member 2) (THEM2),Acot13 Them2,Mus musculus (Mouse),140,2CY9_A,8
140,511,O88696,CLPP_MOUSE,reviewed,"ATP-dependent Clp protease proteolytic subunit, mitochondrial (EC 3.4.21.92) (Endopeptidase Clp)",Clpp,Mus musculus (Mouse),272,6BBA_A,1
141,512,Q9QYR9,ACOT2_MOUSE,reviewed,"Acyl-coenzyme A thioesterase 2, mitochondrial (Acyl-CoA thioesterase 2) (EC 3.1.2.2) (Acyl coenzyme A thioester hydrolase) (MTE-I) (Very-long-chain acyl-CoA thioesterase)",Acot2 Mte1,Mus musculus (Mouse),453,afQ9QYR9_A,2
142,516,Q91ZA3,PCCA_MOUSE,reviewed,"Propionyl-CoA carboxylase alpha chain, mitochondrial (PCCase subunit alpha) (EC 6.4.1.3) (Propanoyl-CoA:carbon dioxide ligase subunit alpha)",Pcca,Mus musculus (Mouse),724,afQ91ZA3_A,3
143,521,Q8BWM0,PGES2_MOUSE,reviewed,Prostaglandin E synthase 2 (EC 5.3.99.3) (GATE-binding factor 1) (GBF-1) (Microsomal prostaglandin E synthase 2) (mPGES-2) [Cleaved into: Prostaglandin E synthase 2 truncated form],Ptges2 Gbf1 Pges2,Mus musculus (Mouse),384,afQ8BWM0_A,2
144,527,O88967,YMEL1_MOUSE,reviewed,ATP-dependent zinc metalloprotease YME1L1 (EC 3.4.24.-) (ATP-dependent metalloprotease FtsH1) (YME1-like protein 1),Yme1l1,Mus musculus (Mouse),715,afO88967_A,1
145,536,Q78PY7,SND1_MOUSE,reviewed,Staphylococcal nuclease domain-containing protein 1 (EC 3.1.31.1) (100 kDa coactivator) (p100 co-activator),Snd1,Mus musculus (Mouse),910,3BDL_A,1
146,537,P56379,ATP68_MOUSE,reviewed,"ATP synthase subunit ATP5MPL, mitochondrial (6.8 kDa mitochondrial proteolipid protein) (MLQ) (ATP synthase membrane subunit 6.8PL)",Atp5mpl Mp68,Mus musculus (Mouse),58,afP56379_A,2
147,539,P09671,SODM_MOUSE,reviewed,"Superoxide dismutase [Mn], mitochondrial (EC 1.15.1.1)",Sod2 Sod-2,Mus musculus (Mouse),222,1N0J_A,6
148,540,P14152,MDHC_MOUSE,reviewed,"Malate dehydrogenase, cytoplasmic (EC 1.1.1.37) (Aromatic alpha-keto acid reductase) (KAR) (EC 1.1.1.96) (Cytosolic malate dehydrogenase)",Mdh1 Mor2,Mus musculus (Mouse),334,4MDH_A,4
149,556,Q9DC50,OCTC_MOUSE,reviewed,Peroxisomal carnitine O-octanoyltransferase (COT) (EC 2.3.1.137),Crot Cot,Mus musculus (Mouse),612,1XMD_A,1
150,563,P32020,SCP2_MOUSE,reviewed,Sterol carrier protein 2 (SCP-2) (Acetyl-CoA C-myristoyltransferase) (EC 2.3.1.155) (Non-specific lipid-transfer protein) (NSL-TP) (Propanoyl-CoA C-acyltransferase) (EC 2.3.1.176) (SCP-2/3-oxoacyl-CoA thiolase) (SCP-2/thiolase) (EC 2.3.1.16) (SCP-chi) (Sterol carrier protein X) (SCP-X),Scp2 Scp-2,Mus musculus (Mouse),547,afP32020_A,13
151,566,P31786,ACBP_MOUSE,reviewed,Acyl-CoA-binding protein (ACBP) (Diazepam-binding inhibitor) (DBI) (Endozepine) (EP),Dbi,Mus musculus (Mouse),87,afP31786_A,2
152,572,Q9R0H0,ACOX1_MOUSE,reviewed,"Peroxisomal acyl-coenzyme A oxidase 1 (AOX) (EC 1.3.3.6) (Palmitoyl-CoA oxidase) (Peroxisomal fatty acyl-CoA oxidase) (Straight-chain acyl-CoA oxidase) [Cleaved into: Peroxisomal acyl-CoA oxidase 1, A chain; Peroxisomal acyl-CoA oxidase 1, B chain; Peroxisomal acyl-CoA oxidase 1, C chain]",Acox1 Acox Paox,Mus musculus (Mouse),661,1IS2_A,9
153,605,Q99LC3,NDUAA_MOUSE,reviewed,"NADH dehydrogenase [ubiquinone] 1 alpha subcomplex subunit 10, mitochondrial (Complex I-42kD) (CI-42kD) (NADH-ubiquinone oxidoreductase 42 kDa subunit)",Ndufa10,Mus musculus (Mouse),355,6G2J_O,4
154,616,O55125,NIPS1_MOUSE,reviewed,Protein NipSnap homolog 1 (NipSnap1),Nipsnap1,Mus musculus (Mouse),284,afO55125_A,1
155,620,P11725,OTC_MOUSE,reviewed,"Ornithine transcarbamylase, mitochondrial (OTCase) (EC 2.1.3.3) (Ornithine carbamoyltransferase, mitochondrial)",Otc,Mus musculus (Mouse),354,1C9Y_A,1
156,643,Q64133,AOFA_MOUSE,reviewed,Amine oxidase [flavin-containing] A (EC 1.4.3.21) (EC 1.4.3.4) (Monoamine oxidase type A) (MAO-A),Maoa,Mus musculus (Mouse),526,1O5W_A,1
157,647,P20108,PRDX3_MOUSE,reviewed,"Thioredoxin-dependent peroxide reductase, mitochondrial (EC 1.11.1.24) (Antioxidant protein 1) (AOP-1) (PRX III) (Perioredoxin-3) (Protein MER5) (Thioredoxin-dependent peroxiredoxin 3)",Prdx3 Aop1 Mer5,Mus musculus (Mouse),257,5JCG_A,9
158,656,Q9D5T0,ATAD1_MOUSE,reviewed,Outer mitochondrial transmembrane helix translocase (EC 7.4.2.-) (ATPase family AAA domain-containing protein 1) (Thorase),Atad1,Mus musculus (Mouse),361,afQ9D5T0_A,8
159,675,P36552,HEM6_MOUSE,reviewed,"Oxygen-dependent coproporphyrinogen-III oxidase, mitochondrial (COX) (Coprogen oxidase) (Coproporphyrinogenase) (EC 1.3.3.3)",Cpox Cpo,Mus musculus (Mouse),443,afP36552_A,3
160,678,P26443,DHE3_MOUSE,reviewed,"Glutamate dehydrogenase 1, mitochondrial (GDH 1) (EC 1.4.1.3)",Glud1 Glud,Mus musculus (Mouse),558,5K12_A,10
161,681,P40142,TKT_MOUSE,reviewed,Transketolase (TK) (EC 2.2.1.1) (P68),Tkt,Mus musculus (Mouse),623,4KXU_A,2
162,685,Q8BFR5,EFTU_MOUSE,reviewed,"Elongation factor Tu, mitochondrial",Tufm,Mus musculus (Mouse),452,7A5G_Z,10
163,693,Q99LY9,NDUS5_MOUSE,reviewed,NADH dehydrogenase [ubiquinone] iron-sulfur protein 5 (Complex I-15 kDa) (CI-15 kDa) (NADH-ubiquinone oxidoreductase 15 kDa subunit),Ndufs5,Mus musculus (Mouse),106,6G2J_e,1
164,698,Q8JZQ2,AFG32_MOUSE,reviewed,AFG3-like protein 2 (EC 3.4.24.-),Afg3l2,Mus musculus (Mouse),802,6NYY_A,9
165,700,Q61102,ABCB7_MOUSE,reviewed,"Iron-sulfur clusters transporter ABCB7, mitochondrial (ATP-binding cassette sub-family B member 7, mitochondrial) (ATP-binding cassette transporter 7) (ABC transporter 7 protein)",Abcb7 Abc7,Mus musculus (Mouse),752,afQ61102_A,2
166,705,Q8K2C6,SIR5_MOUSE,reviewed,"NAD-dependent protein deacylase sirtuin-5, mitochondrial (EC 2.3.1.-) (Regulatory protein SIR2 homolog 5) (SIR2-like protein 5)",Sirt5 Sir2l5,Mus musculus (Mouse),310,5BWL_A,3
167,708,Q9CQ54,NDUC2_MOUSE,reviewed,NADH dehydrogenase [ubiquinone] 1 subunit C2 (Complex I-B14.5b) (CI-B14.5b) (NADH-ubiquinone oxidoreductase subunit B14.5b),Ndufc2,Mus musculus (Mouse),120,6G2J_d,1
168,722,Q8BGH2,SAM50_MOUSE,reviewed,Sorting and assembly machinery component 50 homolog,Samm50,Mus musculus (Mouse),469,afQ8BGH2_A,1
169,723,D3Z7P3,GLSK_MOUSE,reviewed,"Glutaminase kidney isoform, mitochondrial (GLS) (EC 3.5.1.2) [Cleaved into: Glutaminase kidney isoform, mitochondrial 68 kDa chain; Glutaminase kidney isoform, mitochondrial 65 kDa chain]",Gls Gls1 Kiaa0838,Mus musculus (Mouse),674,5UQE_A,1
170,733,Q9R112,SQOR_MOUSE,reviewed,"Sulfide:quinone oxidoreductase, mitochondrial (SQOR) (EC 1.8.5.8) (Sulfide quinone oxidoreductase)",Sqor Sqrdl,Mus musculus (Mouse),450,afQ9R112_A,1
171,751,Q9CXD6,MCUR1_MOUSE,reviewed,"Mitochondrial calcium uniporter regulator 1 (MCU regulator 1) (Coiled-coil domain-containing protein 90A, mitochondrial)",Mcur1 Ccdc90a,Mus musculus (Mouse),340,afQ9CXD6_A,2
172,755,Q921G7,ETFD_MOUSE,reviewed,"Electron transfer flavoprotein-ubiquinone oxidoreductase, mitochondrial (ETF-QO) (ETF-ubiquinone oxidoreductase) (EC 1.5.5.1) (Electron-transferring-flavoprotein dehydrogenase) (ETF dehydrogenase)",Etfdh,Mus musculus (Mouse),616,2GMH_A,3
173,763,Q9DCT2,NDUS3_MOUSE,reviewed,"NADH dehydrogenase [ubiquinone] iron-sulfur protein 3, mitochondrial (EC 7.1.1.2) (Complex I-30kD) (CI-30kD) (NADH-ubiquinone oxidoreductase 30 kDa subunit)",Ndufs3,Mus musculus (Mouse),263,6G2J_C,1
174,766,Q921H9,COA7_MOUSE,reviewed,Cytochrome c oxidase assembly factor 7 (Beta-lactamase hcp-like protein) (Respiratory chain assembly factor 1) (Sel1 repeat-containing protein 1),Coa7 Selrc1,Mus musculus (Mouse),231,afQ921H9_A,4
175,774,Q99M87,DNJA3_MOUSE,reviewed,"DnaJ homolog subfamily A member 3, mitochondrial (DnaJ protein Tid-1) (mTid-1) (Tumorous imaginal discs protein Tid56 homolog)",Dnaja3 Tid1,Mus musculus (Mouse),480,afQ99M87_A,5
176,786,Q91VN4,MIC25_MOUSE,reviewed,MICOS complex subunit Mic25 (Coiled-coil-helix-coiled-coil-helix domain-containing protein 6),Chchd6 Mic25,Mus musculus (Mouse),273,afQ91VN4_A,1
177,790,A2ASZ8,SCMC2_MOUSE,reviewed,Calcium-binding mitochondrial carrier protein SCaMC-2 (Small calcium-binding mitochondrial carrier protein 2) (Solute carrier family 25 member 25),Slc25a25 Kiaa1896 Scamc2,Mus musculus (Mouse),469,afA2ASZ8_A,1
178,791,Q5U458,DJC11_MOUSE,reviewed,DnaJ homolog subfamily C member 11,Dnajc11,Mus musculus (Mouse),559,afQ5U458_A,2
179,801,Q921H8,THIKA_MOUSE,reviewed,"3-ketoacyl-CoA thiolase A, peroxisomal (EC 2.3.1.16) (Acetyl-CoA C-myristoyltransferase) (EC 2.3.1.155) (Acetyl-CoA acyltransferase A) (EC 2.3.1.9) (Beta-ketothiolase A) (Peroxisomal 3-oxoacyl-CoA thiolase A)",Acaa1a Acaa1,Mus musculus (Mouse),424,afQ921H8_A,1
180,805,Q9DBL1,ACDSB_MOUSE,reviewed,"Short/branched chain specific acyl-CoA dehydrogenase, mitochondrial (SBCAD) (EC 1.3.8.5) (2-methyl branched chain acyl-CoA dehydrogenase) (2-MEBCAD) (2-methylbutyryl-coenzyme A dehydrogenase) (2-methylbutyryl-CoA dehydrogenase)",Acadsb,Mus musculus (Mouse),432,afQ9DBL1_A,2
181,814,Q8VCH0,THIKB_MOUSE,reviewed,"3-ketoacyl-CoA thiolase B, peroxisomal (EC 2.3.1.155) (EC 2.3.1.16) (EC 2.3.1.9) (Acetyl-CoA acyltransferase B) (Beta-ketothiolase B) (Peroxisomal 3-oxoacyl-CoA thiolase B)",Acaa1b Acaa1,Mus musculus (Mouse),424,afQ8VCH0_A,1
182,816,P17751,TPIS_MOUSE,reviewed,Triosephosphate isomerase (TIM) (EC 5.3.1.1) (Methylglyoxal synthase) (EC 4.2.3.3) (Triose-phosphate isomerase),Tpi1 Tpi,Mus musculus (Mouse),249,4POC_A,1
183,823,Q8VDC0,SYLM_MOUSE,reviewed,"Probable leucine--tRNA ligase, mitochondrial (EC 6.1.1.4) (Leucyl-tRNA synthetase) (LeuRS)",Lars2,Mus musculus (Mouse),902,afQ8VDC0_A,1
184,827,Q9CYH2,PXL2A_MOUSE,reviewed,Peroxiredoxin-like 2A (Peroxiredoxin-like 2 activated in M-CSF stimulated monocytes) (Protein PAMM) (Redox-regulatory protein FAM213A),Prxl2a Fam213a Pamm,Mus musculus (Mouse),218,afQ9CYH2_A,1
185,832,Q8BKZ9,ODPX_MOUSE,reviewed,"Pyruvate dehydrogenase protein X component, mitochondrial (Dihydrolipoamide dehydrogenase-binding protein of pyruvate dehydrogenase complex) (Lipoyl-containing pyruvate dehydrogenase complex component X)",Pdhx,Mus musculus (Mouse),501,afQ8BKZ9_A,7
186,845,Q925N0,SFXN5_MOUSE,reviewed,Sideroflexin-5,Sfxn5,Mus musculus (Mouse),342,afQ925N0_A,2
187,850,Q3KNM2,MARH5_MOUSE,reviewed,E3 ubiquitin-protein ligase MARCHF5 (EC 2.3.2.27) (Membrane-associated RING finger protein 5) (Membrane-associated RING-CH protein V) (MARCH-V) (RING-type E3 ubiquitin transferase MARCHF5),Marchf5 March5,Mus musculus (Mouse),278,afQ3KNM2_A,1
188,857,Q8BK30,NDUV3_MOUSE,reviewed,"NADH dehydrogenase [ubiquinone] flavoprotein 3, mitochondrial (Complex I-9kD) (CI-9kD) (NADH-ubiquinone oxidoreductase 9 kDa subunit)",Ndufv3,Mus musculus (Mouse),104,6G2J_s,3
189,881,Q9CRD0,OCAD1_MOUSE,reviewed,OCIA domain-containing protein 1,Ociad1 Asrij,Mus musculus (Mouse),247,afQ9CRD0_A,2
190,889,Q2TPA8,HSDL2_MOUSE,reviewed,Hydroxysteroid dehydrogenase-like protein 2 (EC 1.-.-.-),Hsdl2,Mus musculus (Mouse),490,afQ2TPA8_A,2
191,892,Q60649,CLPB_MOUSE,reviewed,Caseinolytic peptidase B protein homolog (EC 3.6.1.-) (Suppressor of potassium transport defect 3),Clpb Skd3,Mus musculus (Mouse),677,afQ60649_A,1
192,915,Q9D6J6,NDUV2_MOUSE,reviewed,"NADH dehydrogenase [ubiquinone] flavoprotein 2, mitochondrial (EC 7.1.1.2) (NADH-ubiquinone oxidoreductase 24 kDa subunit)",Ndufv2,Mus musculus (Mouse),248,6G2J_E,1
193,922,Q8BWF0,SSDH_MOUSE,reviewed,"Succinate-semialdehyde dehydrogenase, mitochondrial (EC 1.2.1.24) (Aldehyde dehydrogenase family 5 member A1) (NAD(+)-dependent succinic semialdehyde dehydrogenase)",Aldh5a1,Mus musculus (Mouse),523,afQ8BWF0_A,5
194,939,Q8K411,PREP_MOUSE,reviewed,"Presequence protease, mitochondrial (EC 3.4.24.-) (Pitrilysin metalloproteinase 1)",Pitrm1 Kiaa1104 Ntup1,Mus musculus (Mouse),1036,afQ8K411_A,3
195,945,P12787,COX5A_MOUSE,reviewed,"Cytochrome c oxidase subunit 5A, mitochondrial (Cytochrome c oxidase polypeptide Va)",Cox5a,Mus musculus (Mouse),146,1OCC_E,2
196,950,Q9WUR9,KAD4_MOUSE,reviewed,"Adenylate kinase 4, mitochondrial (AK 4) (EC 2.7.4.10) (EC 2.7.4.6) (Adenylate kinase 3-like) (Adenylate kinase isoenzyme 4) (GTP:AMP phosphotransferase AK4)",Ak4 Ak-4 Ak3b Ak3l1,Mus musculus (Mouse),223,2AR7_A,2
197,995,P29758,OAT_MOUSE,reviewed,"Ornithine aminotransferase, mitochondrial (EC 2.6.1.13) (Ornithine--oxo-acid aminotransferase)",Oat,Mus musculus (Mouse),439,1OAT_A,3
198,998,Q9JHI5,IVD_MOUSE,reviewed,"Isovaleryl-CoA dehydrogenase, mitochondrial (IVD) (EC 1.3.8.4) (Butyryl-CoA dehydrogenase) (EC 1.3.8.1)",Ivd,Mus musculus (Mouse),424,1IVH_A,2
199,1001,Q60930,VDAC2_MOUSE,reviewed,Voltage-dependent anion-selective channel protein 2 (VDAC-2) (mVDAC2) (Outer mitochondrial membrane protein porin 2) (Voltage-dependent anion-selective channel protein 6) (VDAC-6) (mVDAC6),Vdac2 Vdac6,Mus musculus (Mouse),295,7NIE_C,2
200,1053,Q9CQQ7,AT5F1_MOUSE,reviewed,"ATP synthase F(0) complex subunit B1, mitochondrial (ATP synthase peripheral stalk-membrane subunit b) (ATP synthase subunit b) (ATPase subunit b)",Atp5pb Atp5f1,Mus musculus (Mouse),256,afQ9CQQ7_A,6
201,1060,Q9D051,ODPB_MOUSE,reviewed,"Pyruvate dehydrogenase E1 component subunit beta, mitochondrial (PDHE1-B) (EC 1.2.4.1)",Pdhb,Mus musculus (Mouse),359,6CER_B,1
202,1074,Q99JB2,STML2_MOUSE,reviewed,"Stomatin-like protein 2, mitochondrial (SLP-2) (mslp2)",Stoml2 Slp2,Mus musculus (Mouse),353,afQ99JB2_A,2
203,1077,Q9D8T7,SLIRP_MOUSE,reviewed,"SRA stem-loop-interacting RNA-binding protein, mitochondrial",Slirp,Mus musculus (Mouse),112,afQ9D8T7_A,1
204,1098,Q8VEM8,MPCP_MOUSE,reviewed,"Phosphate carrier protein, mitochondrial (Phosphate transport protein) (PTP) (Solute carrier family 25 member 3)",Slc25a3,Mus musculus (Mouse),357,afQ8VEM8_A,5
205,1109,Q8VCW8,ACSF2_MOUSE,reviewed,"Medium-chain acyl-CoA ligase ACSF2, mitochondrial (EC 6.2.1.2)",Acsf2,Mus musculus (Mouse),615,afQ8VCW8_A,2
206,1112,Q9CQH3,NDUB5_MOUSE,reviewed,"NADH dehydrogenase [ubiquinone] 1 beta subcomplex subunit 5, mitochondrial (Complex I-SGDH) (CI-SGDH) (NADH-ubiquinone oxidoreductase SGDH subunit)",Ndufb5,Mus musculus (Mouse),189,6G2J_h,1
207,1127,Q922D8,C1TC_MOUSE,reviewed,"C-1-tetrahydrofolate synthase, cytoplasmic (C1-THF synthase) [Cleaved into: C-1-tetrahydrofolate synthase, cytoplasmic, N-terminally processed] [Includes: Methylenetetrahydrofolate dehydrogenase (EC 1.5.1.5); Methenyltetrahydrofolate cyclohydrolase (EC 3.5.4.9); Formyltetrahydrofolate synthetase (EC 6.3.4.3)]",Mthfd1,Mus musculus (Mouse),935,afQ922D8_A,1
208,1130,B1AR13,CISD3_MOUSE,reviewed,"CDGSH iron-sulfur domain-containing protein 3, mitochondrial (Melanoma nuclear protein 13)",Cisd3 Mel-13 Mel13,Mus musculus (Mouse),137,afB1AR13_A,1
209,1135,Q8K370,ACD10_MOUSE,reviewed,Acyl-CoA dehydrogenase family member 10 (ACAD-10) (EC 1.3.99.-),Acad10,Mus musculus (Mouse),1069,afQ8K370_A,3
210,1157,O08528,HXK2_MOUSE,reviewed,Hexokinase-2 (EC 2.7.1.1) (Hexokinase type II) (HK II),Hk2,Mus musculus (Mouse),917,5HEX_A,1
211,1177,Q924X2,CPT1B_MOUSE,reviewed,"Carnitine O-palmitoyltransferase 1, muscle isoform (CPT1-M) (EC 2.3.1.21) (Carnitine O-palmitoyltransferase I, muscle isoform) (CPT I) (CPTI-M) (Carnitine palmitoyltransferase 1B)",Cpt1b,Mus musculus (Mouse),772,afQ924X2_A,4
212,1224,Q9JJL8,SYSM_MOUSE,reviewed,"Serine--tRNA ligase, mitochondrial (EC 6.1.1.11) (SerRSmt) (Seryl-tRNA synthetase) (SerRS) (Seryl-tRNA(Ser/Sec) synthetase)",Sars2 Sarsm,Mus musculus (Mouse),518,afQ9JJL8_A,1
213,1231,Q9DCV4,RMD1_MOUSE,reviewed,Regulator of microtubule dynamics protein 1 (RMD-1) (mRMD-1) (Microtubule-associated protein) (Protein FAM82B),Rmdn1 Fam82b,Mus musculus (Mouse),305,afQ9DCV4_A,1
214,1256,Q9CZP5,BCS1_MOUSE,reviewed,Mitochondrial chaperone BCS1 (BCS1-like protein),Bcs1l,Mus musculus (Mouse),418,6UKO_A,1
215,1268,Q9D0S9,HINT2_MOUSE,reviewed,"Adenosine 5'-monophosphoramidase HINT2 (EC 3.9.1.-) (HINT-3) (Histidine triad nucleotide-binding protein 2, mitochondrial) (HINT-2)",Hint2,Mus musculus (Mouse),163,afQ9D0S9_A,4
216,1269,Q9DCS3,MECR_MOUSE,reviewed,"Enoyl-[acyl-carrier-protein] reductase, mitochondrial (EC 1.3.1.104) (2-enoyl thioester reductase) (Nuclear receptor-binding factor 1) (NRBF-1)",Mecr Nrbf1,Mus musculus (Mouse),373,afQ9DCS3_A,2
217,1273,Q91VT4,CBR4_MOUSE,reviewed,3-oxoacyl-[acyl-carrier-protein] reductase (EC 1.1.1.100) (3-ketoacyl-[acyl-carrier-protein] reductase beta subunit) (KAR beta subunit) (Carbonyl reductase family member 4) (CBR4) (Quinone reductase CBR4) (EC 1.6.5.10),Cbr4,Mus musculus (Mouse),236,afQ91VT4_A,3
218,1299,Q8VE38,OXND1_MOUSE,reviewed,Oxidoreductase NAD-binding domain-containing protein 1 (EC 1.-.-.-),Oxnad1,Mus musculus (Mouse),311,afQ8VE38_A,2
219,1342,Q99J39,DCMC_MOUSE,reviewed,"Malonyl-CoA decarboxylase, mitochondrial (MCD) (EC 4.1.1.9)",Mlycd,Mus musculus (Mouse),492,afQ99J39_A,1
220,1367,Q8CHT0,AL4A1_MOUSE,reviewed,"Delta-1-pyrroline-5-carboxylate dehydrogenase, mitochondrial (P5C dehydrogenase) (EC 1.2.1.88) (Aldehyde dehydrogenase family 4 member A1) (L-glutamate gamma-semialdehyde dehydrogenase)",Aldh4a1,Mus musculus (Mouse),562,3V9J_A,2
221,1387,Q99L13,3HIDH_MOUSE,reviewed,"3-hydroxyisobutyrate dehydrogenase, mitochondrial (HIBADH) (EC 1.1.1.31)",Hibadh,Mus musculus (Mouse),335,2I9P_A,2
222,1423,P56394,COX17_MOUSE,reviewed,Cytochrome c oxidase copper chaperone,Cox17 Cox17a,Mus musculus (Mouse),63,2RN9_A,2
223,1425,E9Q7L0,E9Q7L0_MOUSE,unreviewed,Oxoglutarate dehydrogenase (succinyl-transferring) (EC 1.2.4.2),Ogdhl,Mus musculus (Mouse),1029,afE9Q7L0_A,2
224,1427,Q3UV70,PDP1_MOUSE,reviewed,"[Pyruvate dehydrogenase [acetyl-transferring]]-phosphatase 1, mitochondrial (PDP 1) (EC 3.1.3.43) (Protein phosphatase 2C) (Pyruvate dehydrogenase phosphatase catalytic subunit 1) (PDPC 1)",Pdp1 Ppm2c,Mus musculus (Mouse),538,3MQ3_A,1
225,1428,Q8R2Y8,PTH2_MOUSE,reviewed,"Peptidyl-tRNA hydrolase 2, mitochondrial (PTH 2) (EC 3.1.1.29)",Ptrh2 Pth2,Mus musculus (Mouse),181,afQ8R2Y8_A,1
226,1429,Q8VCE1,DJC28_MOUSE,reviewed,DnaJ homolog subfamily C member 28,Dnajc28 ORF28,Mus musculus (Mouse),385,afQ8VCE1_A,1
227,1430,Q59J78,NDUF2_MOUSE,reviewed,NADH dehydrogenase [ubiquinone] 1 alpha subcomplex assembly factor 2 (Mimitin) (Myc-induced mitochondrial protein) (MMTN) (NDUFA12-like protein),Ndufaf2 Ndufa12l,Mus musculus (Mouse),168,afQ59J78_A,2
228,1434,Q8R3Q6,MIX23_MOUSE,reviewed,Protein MIX23 (Coiled-coil domain-containing protein 58),Mix23 Ccdc58,Mus musculus (Mouse),144,afQ8R3Q6_A,1
229,1435,P47802,MTX1_MOUSE,reviewed,Metaxin-1 (Mitochondrial outer membrane import complex protein 1),Mtx1 Mtx Mtxn,Mus musculus (Mouse),317,afP47802_A,2
230,1436,E9QPD7,E9QPD7_MOUSE,unreviewed,Pyruvate carboxylase (EC 6.4.1.1),Pcx,Mus musculus (Mouse),1179,3BG3_A,2
231,1438,Q60936,COQ8A_MOUSE,reviewed,"Atypical kinase COQ8A, mitochondrial (EC 2.7.-.-) (Chaperone activity of bc1 complex-like) (Chaperone-ABC1-like) (Coenzyme Q protein 8A) (aarF domain-containing protein kinase 3)",Coq8a Adck3 Cabc1,Mus musculus (Mouse),645,4PED_A,4
232,1446,Q3TL44,NLRX1_MOUSE,reviewed,NLR family member X1,Nlrx1,Mus musculus (Mouse),975,afQ3TL44_A,1
233,1447,A2AAJ9,OBSCN_MOUSE,reviewed,Obscurin (EC 2.7.11.1) (Obscurin-RhoGEF) (Obscurin-myosin light chain kinase) (Obscurin-MLCK),Obscn Gm878,Mus musculus (Mouse),8886,afA2AAJ9_A,122
234,1482,Q9CZN7,GLYM_MOUSE,reviewed,"Serine hydroxymethyltransferase, mitochondrial (SHMT) (EC 2.1.2.1) (Glycine hydroxymethyltransferase) (Serine methylase)",Shmt2,Mus musculus (Mouse),504,6QVG_A,2
235,1552,Q9D0L4,ADCK1_MOUSE,reviewed,AarF domain-containing protein kinase 1 (EC 2.7.-.-),Adck1,Mus musculus (Mouse),525,afQ9D0L4_A,1
236,1553,Q91YJ5,IF2M_MOUSE,reviewed,"Translation initiation factor IF-2, mitochondrial (IF-2(Mt)) (IF-2Mt) (IF2(mt))",Mtif2,Mus musculus (Mouse),727,afQ91YJ5_A,1
237,1554,Q9JLZ3,AUHM_MOUSE,reviewed,"Methylglutaconyl-CoA hydratase, mitochondrial (3-MG-CoA hydratase) (EC 4.2.1.18) (AU-specific RNA-binding enoyl-CoA hydratase) (AU-binding enoyl-CoA hydratase) (muAUH) (Itaconyl-CoA hydratase) (EC 4.2.1.56)",Auh,Mus musculus (Mouse),314,1HZD_A,9
238,1564,P51174,ACADL_MOUSE,reviewed,"Long-chain specific acyl-CoA dehydrogenase, mitochondrial (LCAD) (EC 1.3.8.8)",Acadl,Mus musculus (Mouse),430,afP51174_A,8
239,1608,P50136,ODBA_MOUSE,reviewed,"2-oxoisovalerate dehydrogenase subunit alpha, mitochondrial (EC 1.2.4.4) (Branched-chain alpha-keto acid dehydrogenase E1 component alpha chain) (BCKDE1A) (BCKDH E1-alpha)",Bckdha,Mus musculus (Mouse),442,1DTW_A,1
240,1609,O35658,C1QBP_MOUSE,reviewed,"Complement component 1 Q subcomponent-binding protein, mitochondrial (GC1q-R protein) (Glycoprotein gC1qBP) (C1qBP)",C1qbp Gc1qbp,Mus musculus (Mouse),278,3RPX_A,1
241,1652,P46656,ADX_MOUSE,reviewed,"Adrenodoxin, mitochondrial (Adrenal ferredoxin) (Ferredoxin-1)",Fdx1,Mus musculus (Mouse),188,3P1M_A,1
242,1653,P22315,HEMH_MOUSE,reviewed,"Ferrochelatase, mitochondrial (EC 4.98.1.1) (Heme synthase) (Protoheme ferro-lyase)",Fech,Mus musculus (Mouse),422,2PO7_A,1
243,1654,Q7TMG8,Q7TMG8_MOUSE,unreviewed,Glioblastoma amplified sequence (Protein NipSnap homolog 2),Nipsnap2 Gbas,Mus musculus (Mouse),281,afQ7TMG8_A,9
244,1678,Q61941,NNTM_MOUSE,reviewed,"NAD(P) transhydrogenase, mitochondrial (EC 7.1.1.1) (Nicotinamide nucleotide transhydrogenase) (Pyridine nucleotide transhydrogenase)",Nnt,Mus musculus (Mouse),1086,6QTI_A,22
245,1702,P53986,MOT1_MOUSE,reviewed,Monocarboxylate transporter 1 (MCT 1) (Solute carrier family 16 member 1),Slc16a1 Mct1,Mus musculus (Mouse),493,afP53986_A,2
246,1709,O55028,BCKD_MOUSE,reviewed,"[3-methyl-2-oxobutanoate dehydrogenase [lipoamide]] kinase, mitochondrial (EC 2.7.11.4) (Branched-chain alpha-ketoacid dehydrogenase kinase) (BCKD-kinase) (BCKDHKIN)",Bckdk,Mus musculus (Mouse),412,3TZ0_A,2
247,1717,P19536,COX5B_MOUSE,reviewed,"Cytochrome c oxidase subunit 5B, mitochondrial (Cytochrome c oxidase polypeptide Vb)",Cox5b,Mus musculus (Mouse),128,7O37_f,1
248,1794,P02468,LAMC1_MOUSE,reviewed,Laminin subunit gamma-1 (Laminin B2 chain) (Laminin-1 subunit gamma) (Laminin-10 subunit gamma) (Laminin-11 subunit gamma) (Laminin-2 subunit gamma) (Laminin-3 subunit gamma) (Laminin-4 subunit gamma) (Laminin-6 subunit gamma) (Laminin-7 subunit gamma) (Laminin-8 subunit gamma) (Laminin-9 subunit gamma) (S-laminin subunit gamma) (S-LAM gamma),Lamc1 Lamb-2 Lamc-1,Mus musculus (Mouse),1607,afP02468_A,1
249,1795,Q9CXZ1,NDUS4_MOUSE,reviewed,"NADH dehydrogenase [ubiquinone] iron-sulfur protein 4, mitochondrial (Complex I-18 kDa) (CI-18 kDa) (Complex I-AQDQ) (CI-AQDQ) (NADH-ubiquinone oxidoreductase 18 kDa subunit)",Ndufs4,Mus musculus (Mouse),175,6G2J_Q,2
250,1797,P09103,PDIA1_MOUSE,reviewed,Protein disulfide-isomerase (PDI) (EC 5.3.4.1) (Cellular thyroid hormone-binding protein) (Endoplasmic reticulum resident protein 59) (ER protein 59) (ERp59) (Prolyl 4-hydroxylase subunit beta) (p55),P4hb Pdia1,Mus musculus (Mouse),509,4EKZ_A,1
251,1805,Q9Z2I8,SUCB2_MOUSE,reviewed,"Succinate--CoA ligase [GDP-forming] subunit beta, mitochondrial (EC 6.2.1.4) (GTP-specific succinyl-CoA synthetase subunit beta) (G-SCS) (GTPSCS) (Succinyl-CoA synthetase beta-G chain) (SCS-betaG)",Suclg2,Mus musculus (Mouse),433,5CAE_B,5
252,1832,P09925,SURF1_MOUSE,reviewed,Surfeit locus protein 1,Surf1 Surf-1,Mus musculus (Mouse),306,afP09925_A,1
253,1833,Q9JLT4,TRXR2_MOUSE,reviewed,"Thioredoxin reductase 2, mitochondrial (EC 1.8.1.9) (Thioredoxin reductase TR3)",Txnrd2 Trxr2,Mus musculus (Mouse),524,1ZDL_A,2
254,1836,P62075,TIM13_MOUSE,reviewed,Mitochondrial import inner membrane translocase subunit Tim13,Timm13 Tim13a Timm13a,Mus musculus (Mouse),95,afP62075_A,1
255,1846,O08756,HCD2_MOUSE,reviewed,3-hydroxyacyl-CoA dehydrogenase type-2 (EC 1.1.1.35) (17-beta-estradiol 17-dehydrogenase) (EC 1.1.1.62) (2-methyl-3-hydroxybutyryl-CoA dehydrogenase) (MHBD) (3-alpha-(17-beta)-hydroxysteroid dehydrogenase (NAD(+))) (EC 1.1.1.239) (3-hydroxy-2-methylbutyryl-CoA dehydrogenase) (EC 1.1.1.178) (3-hydroxyacyl-CoA dehydrogenase type II) (3alpha(or 20beta)-hydroxysteroid dehydrogenase) (EC 1.1.1.53) (7-alpha-hydroxysteroid dehydrogenase) (EC 1.1.1.159) (Endoplasmic reticulum-associated amyloid beta-peptide-binding protein) (Mitochondrial ribonuclease P protein 2) (Mitochondrial RNase P protein 2) (Short chain dehydrogenase/reductase family 5C member 1) (Short-chain type dehydrogenase/reductase XH98G2) (Type II HADH),Hsd17b10 Erab Hadh2,Mus musculus (Mouse),261,1E3S_A,1
256,1852,O88441,MTX2_MOUSE,reviewed,Metaxin-2 (Mitochondrial outer membrane import complex protein 2),Mtx2 MNCb-0780,Mus musculus (Mouse),263,afO88441_A,1
257,1863,Q9JKF7,RM39_MOUSE,reviewed,"39S ribosomal protein L39, mitochondrial (L39mt) (MRP-L39)",Mrpl39,Mus musculus (Mouse),336,6NU2_7,2
258,1865,Q9Z2I0,LETM1_MOUSE,reviewed,Mitochondrial proton/calcium exchanger protein (Leucine zipper-EF-hand-containing transmembrane protein 1),Letm1,Mus musculus (Mouse),738,afQ9Z2I0_A,10
259,1877,P97493,THIOM_MOUSE,reviewed,"Thioredoxin, mitochondrial (MTRX) (Mt-Trx) (Thioredoxin-2)",Txn2,Mus musculus (Mouse),166,1UVZ_A,1
260,1878,Q8VC19,HEM1_MOUSE,reviewed,"5-aminolevulinate synthase, non-specific, mitochondrial (ALAS-H) (EC 2.3.1.37) (5-aminolevulinic acid synthase 1) (Delta-ALA synthase 1) (Delta-aminolevulinate synthase 1)",Alas1,Mus musculus (Mouse),642,afQ8VC19_A,1
261,1885,Q9ER88,RT29_MOUSE,reviewed,"28S ribosomal protein S29, mitochondrial (MRP-S29) (S29mt) (Death-associated protein 3) (DAP-3)",Dap3 Mrps29,Mus musculus (Mouse),391,afQ9ER88_A,1
262,1886,Q9CQJ8,NDUB9_MOUSE,reviewed,NADH dehydrogenase [ubiquinone] 1 beta subcomplex subunit 9 (Complex I-B22) (CI-B22) (NADH-ubiquinone oxidoreductase B22 subunit),Ndufb9,Mus musculus (Mouse),179,6G2J_n,1
263,1892,Q9EQI8,RM46_MOUSE,reviewed,"39S ribosomal protein L46, mitochondrial (L46mt) (MRP-L46)",Mrpl46,Mus musculus (Mouse),283,afQ9EQI8_A,1
264,1896,Q8R0F8,FAHD1_MOUSE,reviewed,"Acylpyruvase FAHD1, mitochondrial (EC 3.7.1.5) (Fumarylacetoacetate hydrolase domain-containing protein 1) (Oxaloacetate decarboxylase) (OAA decarboxylase) (EC 4.1.1.112)",Fahd1 MNCb-4134,Mus musculus (Mouse),227,6SBI_A,1
265,1913,Q811U4,MFN1_MOUSE,reviewed,Mitofusin-1 (EC 3.6.5.-) (Transmembrane GTPase MFN1),Mfn1,Mus musculus (Mouse),741,afQ811U4_A,1
266,1914,Q9CR62,M2OM_MOUSE,reviewed,Mitochondrial 2-oxoglutarate/malate carrier protein (OGCP) (alpha-oxoglutarate carrier) (Solute carrier family 25 member 11) (SLC25A11),Slc25a11,Mus musculus (Mouse),314,afQ9CR62_A,4
267,1917,Q9D1B9,RM28_MOUSE,reviewed,"39S ribosomal protein L28, mitochondrial (L28mt) (MRP-L28)",Mrpl28,Mus musculus (Mouse),257,afQ9D1B9_A,1
268,1918,Q9CPY7,AMPL_MOUSE,reviewed,Cytosol aminopeptidase (EC 3.4.11.1) (Cysteinylglycine-S-conjugate dipeptidase) (EC 3.4.13.23) (Leucine aminopeptidase 3) (LAP-3) (Leucyl aminopeptidase) (Peptidase S) (Proline aminopeptidase) (EC 3.4.11.5) (Prolyl aminopeptidase),Lap3 Lapep,Mus musculus (Mouse),519,1BLL_E,1
269,1947,Q8CI78,RMND1_MOUSE,reviewed,Required for meiotic nuclear division protein 1 homolog,Rmnd1,Mus musculus (Mouse),450,afQ8CI78_A,1
270,1948,Q9CZR8,EFTS_MOUSE,reviewed,"Elongation factor Ts, mitochondrial (EF-Ts) (EF-TsMt)",Tsfm,Mus musculus (Mouse),324,afQ9CZR8_A,4
271,1952,Q9CR98,F136A_MOUSE,reviewed,Protein FAM136A,Fam136a,Mus musculus (Mouse),138,afQ9CR98_A,3
272,1956,Q3URS9,MITOK_MOUSE,reviewed,Mitochondrial potassium channel (MITOK) (Coiled-coil domain-containing protein 51),Ccdc51 Mitok,Mus musculus (Mouse),406,afQ3URS9_A,1
273,1957,Q91WK1,SPRY4_MOUSE,reviewed,SPRY domain-containing protein 4,Spryd4,Mus musculus (Mouse),207,afQ91WK1_A,1
274,1967,Q9D8H7,OMA1_MOUSE,reviewed,"Metalloendopeptidase OMA1, mitochondrial (EC 3.4.24.-) (Overlapping with the m-AAA protease 1 homolog)",Oma1,Mus musculus (Mouse),521,afQ9D8H7_A,1
275,1969,Q9CQZ5,NDUA6_MOUSE,reviewed,NADH dehydrogenase [ubiquinone] 1 alpha subcomplex subunit 6 (Complex I-B14) (CI-B14) (NADH-ubiquinone oxidoreductase B14 subunit),Ndufa6,Mus musculus (Mouse),131,6G2J_W,3
276,1972,Q9D6K8,FUND2_MOUSE,reviewed,FUN14 domain-containing protein 2 (Hepatitis C virus core-binding protein 6),Fundc2 Hcbp6,Mus musculus (Mouse),151,afQ9D6K8_A,7
277,1980,Q9D855,QCR7_MOUSE,reviewed,Cytochrome b-c1 complex subunit 7 (Complex III subunit 7) (Complex III subunit VII) (Ubiquinol-cytochrome c reductase complex 14 kDa protein),Uqcrb,Mus musculus (Mouse),111,7O37_F,6
278,1986,Q9D6S7,RRFM_MOUSE,reviewed,"Ribosome-recycling factor, mitochondrial (RRF) (Ribosome-releasing factor, mitochondrial)",Mrrf,Mus musculus (Mouse),262,afQ9D6S7_A,1
279,1987,Q9CPZ8,COXM1_MOUSE,reviewed,COX assembly mitochondrial protein homolog (Cmc1p),Cmc1,Mus musculus (Mouse),106,afQ9CPZ8_A,1
280,1998,Q9CQN1,TRAP1_MOUSE,reviewed,"Heat shock protein 75 kDa, mitochondrial (HSP 75) (TNFR-associated protein 1) (Tumor necrosis factor type 1 receptor-associated protein) (TRAP-1)",Trap1 Hsp75,Mus musculus (Mouse),706,6XG6_A,3
281,2003,Q8R035,ICT1_MOUSE,reviewed,"Peptidyl-tRNA hydrolase ICT1, mitochondrial (EC 3.1.1.29) (39S ribosomal protein L58, mitochondrial) (MRP-L58) (Immature colon carcinoma transcript 1 protein homolog)",Mrpl58 Ict1,Mus musculus (Mouse),206,afQ8R035_A,1
282,2005,Q9D924,ISCA1_MOUSE,reviewed,"Iron-sulfur cluster assembly 1 homolog, mitochondrial (HESB-like domain-containing protein 2) (Iron-sulfur assembly protein IscA)",Isca1 Hbld2,Mus musculus (Mouse),129,afQ9D924_A,1
283,2014,Q9CWX2,CIA30_MOUSE,reviewed,"Complex I intermediate-associated protein 30, mitochondrial (NADH dehydrogenase [ubiquinone] 1 alpha subcomplex assembly factor 1)",Ndufaf1 Cia30,Mus musculus (Mouse),328,afQ9CWX2_A,1
284,2022,Q8K0Z7,TACO1_MOUSE,reviewed,Translational activator of cytochrome c oxidase 1 (Coiled-coil domain-containing protein 44) (Translational activator of mitochondrially-encoded cytochrome c oxidase 1),Taco1 Ccdc44,Mus musculus (Mouse),294,5EKZ_A,3
285,2025,Q3U125,Q3U125_MOUSE,unreviewed,Peroxiredoxin-like 2A (Peroxiredoxin-like 2 activated in M-CSF stimulated monocytes) (Redox-regulatory protein FAM213A),Prxl2a 5730469M10Rik Fam213a,Mus musculus (Mouse),229,afQ3U125_A,1
286,2028,Q8K1R3,PNPT1_MOUSE,reviewed,"Polyribonucleotide nucleotidyltransferase 1, mitochondrial (EC 2.7.7.8) (3'-5' RNA exonuclease OLD35) (PNPase old-35) (Polynucleotide phosphorylase 1) (PNPase 1) (Polynucleotide phosphorylase-like protein)",Pnpt1 Pnpase,Mus musculus (Mouse),783,5ZF6_A,2
287,2029,Q8CC88,VWA8_MOUSE,reviewed,von Willebrand factor A domain-containing protein 8,Vwa8 Kiaa0564,Mus musculus (Mouse),1905,afQ8CC88_A,4
288,2032,Q3UQ84,SYTM_MOUSE,reviewed,"Threonine--tRNA ligase, mitochondrial (EC 6.1.1.3) (Threonyl-tRNA synthetase) (ThrRS) (Threonyl-tRNA synthetase-like 1)",Tars2 Tarsl1,Mus musculus (Mouse),723,afQ3UQ84_A,1
289,2033,D3Z7X0,D3Z7X0_MOUSE,unreviewed,"Acyl-Coenzyme A dehydrogenase family, member 12",Acad12,Mus musculus (Mouse),555,afD3Z7X0_A,3
290,2036,Q6PB66,LPPRC_MOUSE,reviewed,"Leucine-rich PPR motif-containing protein, mitochondrial (130 kDa leucine-rich protein) (LRP 130) (mLRP130)",Lrpprc Lrp130,Mus musculus (Mouse),1392,afQ6PB66_A,3
291,2046,Q8BKY8,MTEF2_MOUSE,reviewed,"Transcription termination factor 2, mitochondrial (Mitochondrial transcription termination factor 2) (mTERF2) (mTERF domain-containing protein 3, mitochondrial)",Mterf2 Mterfd3,Mus musculus (Mouse),385,afQ8BKY8_A,1
292,2048,Q3UFY8,TM10C_MOUSE,reviewed,tRNA methyltransferase 10 homolog C (Mitochondrial ribonuclease P protein 1) (Mitochondrial RNase P protein 1) (RNA (guanine-9-)-methyltransferase domain-containing protein 1) (mRNA methyladenosine-N(1)-methyltransferase) (EC 2.1.1.-) (tRNA (adenine(9)-N(1))-methyltransferase) (EC 2.1.1.218) (tRNA (guanine(9)-N(1))-methyltransferase) (EC 2.1.1.221),Trmt10c Mrpp1 Rg9mtd1,Mus musculus (Mouse),414,afQ3UFY8_A,1
293,2049,Q9DC70,NDUS7_MOUSE,reviewed,"NADH dehydrogenase [ubiquinone] iron-sulfur protein 7, mitochondrial (EC 7.1.1.2) (Complex I-20kD) (CI-20kD) (NADH-ubiquinone oxidoreductase 20 kDa subunit)",Ndufs7,Mus musculus (Mouse),224,6G2J_B,1
294,2056,Q78J03,MSRB2_MOUSE,reviewed,"Methionine-R-sulfoxide reductase B2, mitochondrial (MsrB2) (EC 1.8.4.12) (EC 1.8.4.14)",Msrb2,Mus musculus (Mouse),175,2L1U_A,2
295,2058,A0A0R4J094,A0A0R4J094_MOUSE,unreviewed,Fumarylacetoacetate hydrolase domain-containing 2A,Fahd2a,Mus musculus (Mouse),313,afA0A0R4J094_A,2
296,2071,Q8BPT6,IMP2L_MOUSE,reviewed,Mitochondrial inner membrane protease subunit 2 (EC 3.4.21.-) (IMP2-like protein),Immp2l,Mus musculus (Mouse),175,afQ8BPT6_A,1
297,2072,A0A1B0GRP7,A0A1B0GRP7_MOUSE,unreviewed,Pyridoxal phosphate homeostasis protein,Plpbp Prosc,Mus musculus (Mouse),330,afA0A1B0GRP7_A,1
298,2073,Q91Z53,GRHPR_MOUSE,reviewed,Glyoxylate reductase/hydroxypyruvate reductase (EC 1.1.1.79) (EC 1.1.1.81),Grhpr Glxr,Mus musculus (Mouse),328,afQ91Z53_A,1
299,2082,Q91VA7,Q91VA7_MOUSE,unreviewed,"Isocitrate dehydrogenase [NAD] subunit, mitochondrial",Idh3b,Mus musculus (Mouse),384,7CE3_D,4
300,2092,Q91V16,ETFR1_MOUSE,reviewed,Electron transfer flavoprotein regulatory factor 1 (Growth hormone-inducible soluble protein) (LYR motif-containing protein 5),Etfrf1 Lyrm5,Mus musculus (Mouse),86,afQ91V16_A,1
301,2121,Q8R1R3,STAR7_MOUSE,reviewed,"StAR-related lipid transfer protein 7, mitochondrial (START domain-containing protein 7) (StARD7)",Stard7,Mus musculus (Mouse),373,afQ8R1R3_A,1
302,2122,Q99JR6,NMNA3_MOUSE,reviewed,Nicotinamide/nicotinic acid mononucleotide adenylyltransferase 3 (NMN/NaMN adenylyltransferase 3) (EC 2.7.7.1) (EC 2.7.7.18) (Nicotinamide-nucleotide adenylyltransferase 3) (NMN adenylyltransferase 3) (Nicotinate-nucleotide adenylyltransferase 3) (NaMN adenylyltransferase 3),Nmnat3,Mus musculus (Mouse),245,5Z9R_A,1
303,2130,Q99JT1,GATB_MOUSE,reviewed,"Glutamyl-tRNA(Gln) amidotransferase subunit B, mitochondrial (Glu-AdT subunit B) (EC 6.3.5.-) (Cytochrome c oxidase assembly factor PET112 homolog)",Gatb Pet112 Pet112l,Mus musculus (Mouse),557,afQ99JT1_A,1
304,2131,Q8K4Z3,NNRE_MOUSE,reviewed,NAD(P)H-hydrate epimerase (EC 5.1.99.6) (Apolipoprotein A-I-binding protein) (AI-BP) (NAD(P)HX epimerase),Naxe Aibp Apoa1bp,Mus musculus (Mouse),282,2O8N_A,1
305,2132,Q3URE1,ACSF3_MOUSE,reviewed,"Malonate--CoA ligase ACSF3, mitochondrial (EC 6.2.1.n3) (Acyl-CoA synthetase family member 3)",Acsf3,Mus musculus (Mouse),583,afQ3URE1_A,1
306,2133,Q8K4F5,ABHDB_MOUSE,reviewed,Protein ABHD11 (EC 3.-.-.-) (Alpha/beta hydrolase domain-containing protein 11) (Abhydrolase domain-containing protein 11) (Williams-Beuren syndrome chromosomal region 21 protein homolog),Abhd11 Wbscr21,Mus musculus (Mouse),307,afQ8K4F5_A,1
307,2148,Q91VM9,IPYR2_MOUSE,reviewed,"Inorganic pyrophosphatase 2, mitochondrial (EC 3.6.1.1) (Pyrophosphate phospho-hydrolase 2) (PPase 2)",Ppa2,Mus musculus (Mouse),330,afQ91VM9_A,3
308,2151,Q3ULF4,SPG7_MOUSE,reviewed,Paraplegin (EC 3.4.24.-) (Spastic paraplegia 7 protein),Spg7,Mus musculus (Mouse),781,afQ3ULF4_A,1
309,2152,Q8CH40,NUDT6_MOUSE,reviewed,Nucleoside diphosphate-linked moiety X motif 6 (Nudix motif 6) (EC 3.6.1.-) (Antisense basic fibroblast growth factor B),Nudt6 Asfgf2b,Mus musculus (Mouse),313,afQ8CH40_A,2
310,2154,Q8BGY7,F210A_MOUSE,reviewed,Protein FAM210A,Fam210a,Mus musculus (Mouse),273,afQ8BGY7_A,2
311,2160,Q8JZN5,ACAD9_MOUSE,reviewed,"Complex I assembly factor ACAD9, mitochondrial (Acyl-CoA dehydrogenase family member 9) (ACAD-9) (EC 1.3.8.-)",Acad9,Mus musculus (Mouse),625,afQ8JZN5_A,2
312,2161,Q8BMS4,COQ3_MOUSE,reviewed,"Ubiquinone biosynthesis O-methyltransferase, mitochondrial (3-demethylubiquinol 3-O-methyltransferase) (EC 2.1.1.64) (Polyprenyldihydroxybenzoate methyltransferase) (EC 2.1.1.114)",Coq3,Mus musculus (Mouse),370,afQ8BMS4_A,1
313,2167,Q71RI9,KAT3_MOUSE,reviewed,Kynurenine--oxoglutarate transaminase 3 (EC 2.6.1.7) (Cysteine-S-conjugate beta-lyase 2) (EC 4.4.1.13) (Kynurenine aminotransferase 3) (Kynurenine aminotransferase III) (KATIII) (Kynurenine--glyoxylate transaminase) (EC 2.6.1.63) (Kynurenine--oxoglutarate transaminase III),Kyat3 Ccbl2 Kat3,Mus musculus (Mouse),455,5VEQ_A,1
314,2168,Q8BGT5,ALAT2_MOUSE,reviewed,Alanine aminotransferase 2 (ALT2) (EC 2.6.1.2) (Glutamate pyruvate transaminase 2) (GPT 2) (Glutamic--alanine transaminase 2) (Glutamic--pyruvic transaminase 2),Gpt2 Aat2,Mus musculus (Mouse),522,3IHJ_A,2
315,2174,Q80XL6,ACD11_MOUSE,reviewed,Acyl-CoA dehydrogenase family member 11 (ACAD-11) (EC 1.3.8.-),Acad11,Mus musculus (Mouse),779,afQ80XL6_A,1
316,2179,Q5IRJ6,ZNT9_MOUSE,reviewed,Zinc transporter 9 (ZnT-9) (GRIP1-associated coactivator 63) (GAC63) (Solute carrier family 30 member 9),Slc30a9,Mus musculus (Mouse),567,afQ5IRJ6_A,1
317,2199,Q811I0,ATPF1_MOUSE,reviewed,ATP synthase mitochondrial F1 complex assembly factor 1,Atpaf1,Mus musculus (Mouse),324,afQ811I0_A,1
318,2200,Q8BMF3,MAON_MOUSE,reviewed,"NADP-dependent malic enzyme, mitochondrial (NADP-ME) (EC 1.1.1.40) (Malic enzyme 3)",Me3,Mus musculus (Mouse),604,afQ8BMF3_A,1
319,2201,Q9CR59,G45IP_MOUSE,reviewed,"Growth arrest and DNA damage-inducible proteins-interacting protein 1 (39S ribosomal protein L59, mitochondrial) (MRP-L59)",Gadd45gip1 Mrpl59,Mus musculus (Mouse),222,afQ9CR59_A,1
320,2203,Q8BYL4,SYYM_MOUSE,reviewed,"Tyrosine--tRNA ligase, mitochondrial (EC 6.1.1.1) (Tyrosyl-tRNA synthetase) (TyrRS)",Yars2,Mus musculus (Mouse),472,afQ8BYL4_A,1
321,2245,Q9QZH6,ECSIT_MOUSE,reviewed,"Evolutionarily conserved signaling intermediate in Toll pathway, mitochondrial (Protein SITPEC)",Ecsit Sitpec,Mus musculus (Mouse),435,afQ9QZH6_A,1
322,2272,P47199,QOR_MOUSE,reviewed,Quinone oxidoreductase (EC 1.6.5.5) (NADPH:quinone reductase) (Zeta-crystallin),Cryz,Mus musculus (Mouse),331,afP47199_A,1
323,2287,Q9WU79,PROD_MOUSE,reviewed,"Proline dehydrogenase 1, mitochondrial (EC 1.5.5.2) (Proline oxidase)",Prodh Pro1,Mus musculus (Mouse),599,afQ9WU79_A,1
324,2300,Q791V5,MTCH2_MOUSE,reviewed,Mitochondrial carrier homolog 2 (Met-induced mitochondrial protein),Mtch2 Mimp,Mus musculus (Mouse),303,afQ791V5_A,1
325,2302,Q9ESW4,AGK_MOUSE,reviewed,"Acylglycerol kinase, mitochondrial (EC 2.7.1.107) (EC 2.7.1.138) (EC 2.7.1.94) (Multiple substrate lipid kinase) (MuLK) (Multi-substrate lipid kinase)",Agk Mulk,Mus musculus (Mouse),421,7CGP_B,1
326,2307,Q8CG76,ARK72_MOUSE,reviewed,Aflatoxin B1 aldehyde reductase member 2 (EC 1.1.1.n11) (Succinic semialdehyde reductase) (SSA reductase),Akr7a2 Afar Akr7a5,Mus musculus (Mouse),367,2C91_A,1
327,2309,Q66GT5,PTPM1_MOUSE,reviewed,"Phosphatidylglycerophosphatase and protein-tyrosine phosphatase 1 (EC 3.1.3.27) (PTEN-like phosphatase) (Phosphoinositide lipid phosphatase) (Protein-tyrosine phosphatase mitochondrial 1) (EC 3.1.3.16, EC 3.1.3.48)",Ptpmt1 Plip,Mus musculus (Mouse),193,3RGO_A,1
328,2311,P56395,CYB5_MOUSE,reviewed,Cytochrome b5,Cyb5a Cyb5,Mus musculus (Mouse),134,2M33_A,1
329,2316,Q78IK4,MIC27_MOUSE,reviewed,MICOS complex subunit Mic27 (Apolipoprotein O-like) (Protein FAM121A),Apool Fam121a Mic27,Mus musculus (Mouse),265,afQ78IK4_A,1
330,2317,Q9DCZ4,MIC26_MOUSE,reviewed,MICOS complex subunit Mic26 (Apolipoprotein O) (MICOS complex subunit Mic23) (Protein FAM121B),Apoo Fam121b Mic23 Mic26,Mus musculus (Mouse),198,afQ9DCZ4_A,1
331,2319,Q9D8Z2,TRIA1_MOUSE,reviewed,TP53-regulated inhibitor of apoptosis 1 (Protein 15E1.1) (WF-1) (p53-inducible cell-survival factor) (p53CSV),Triap1 15e1.1,Mus musculus (Mouse),76,6I3Y_A,1
332,2324,Q9CZS1,AL1B1_MOUSE,reviewed,"Aldehyde dehydrogenase X, mitochondrial (EC 1.2.1.3) (Aldehyde dehydrogenase family 1 member B1)",Aldh1b1 Aldhx,Mus musculus (Mouse),519,afQ9CZS1_A,1
333,2335,Q9D273,MMAB_MOUSE,reviewed,Corrinoid adenosyltransferase MMAB (EC 2.5.1.-) (ATP:co(I)rrinoid adenosyltransferase MMAB) (Methylmalonic aciduria type B homolog),Mmab,Mus musculus (Mouse),237,2IDX_A,1
334,2339,P11930,NUD19_MOUSE,reviewed,Acyl-coenzyme A diphosphatase NUDT19 (EC 3.6.1.-) (Androgen-regulated protein RP2) (Nucleoside diphosphate-linked moiety X motif 19) (Nudix motif 19) (Renal CoA diphosphohydrolase) (Testosterone-regulated RP2 protein) (RP2p),Nudt19 D7Rp2e,Mus musculus (Mouse),357,afP11930_A,1
335,2353,Q6NVE9,PPTC7_MOUSE,reviewed,Protein phosphatase PTC7 homolog (EC 3.1.3.16) (T-cell activation protein phosphatase 2C) (TA-PP2C),Pptc7 Tapp2c,Mus musculus (Mouse),310,afQ6NVE9_A,1
336,2355,Q99M07,COA5_MOUSE,reviewed,Cytochrome c oxidase assembly factor 5,Coa5,Mus musculus (Mouse),74,afQ99M07_A,1
337,2357,Q8JZS9,RM48_MOUSE,reviewed,"39S ribosomal protein L48, mitochondrial (L48mt) (MRP-L48)",Mrpl48,Mus musculus (Mouse),211,afQ8JZS9_A,1
