,index,protein1,protein2,pdb1,pdb2,count
0,0,Q9CQ75,Q9CQ75,6G2J_S,6G2J_S,7
1,1,Q9CQ62,Q9CQ62,afQ9CQ62_A,afQ9CQ62_A,17
2,2,Q99KI0,Q99KI0,1B0J_A,1B0J_A,71
3,3,Q925I1,Q925I1,afQ925I1_A,afQ925I1_A,11
4,4,P58281,P58281,afP58281_A,afP58281_A,28
5,5,P54071,P54071,5I96_A,5I96_A,67
6,6,O08749,O08749,3RNM_A,3RNM_A,20
7,7,P08249,P08249,2DFD_A,2DFD_A,60
8,8,Q9DCX2,Q9DCX2,afQ9DCX2_A,afQ9DCX2_A,14
9,9,P97450,P97450,afP97450_A,afP97450_A,5
10,10,Q9DCW4,Q9DCW4,1EFV_B,1EFV_B,17
11,11,Q9CPQ1,Q9CPQ1,7O37_i,7O37_i,2
12,12,Q8QZT1,Q8QZT1,afQ8QZT1_A,afQ8QZT1_A,26
13,13,Q8CAQ8,Q8CAQ8,afQ8CAQ8_A,afQ8CAQ8_A,110
14,14,Q8BMS1,Q8BMS1,afQ8BMS1_A,afQ8BMS1_A,86
15,15,P97807,P97807,3E04_A,3E04_A,18
16,16,Q91VD9,Q91VD9,6G2J_G,6G2J_G,11
17,17,P48962,P48962,1OKC_A,1OKC_A,34
18,18,P38647,P38647,4KBO_A,4KBO_A,23
19,21,Q9D0K2,Q9D0K2,3DLX_A,3DLX_A,24
20,22,Q6P8J7,Q6P8J7,4Z9M_A,4Z9M_A,57
21,23,Q9D2G2,Q9D2G2,6H05_A,6H05_A,13
22,24,Q9D172,Q9D172,afQ9D172_A,afQ9D172_A,17
23,25,Q99NB1,Q99NB1,afQ99NB1_A,afQ99NB1_A,8
24,28,Q61425,Q61425,3HDH_A,3HDH_A,15
25,29,Q03265,Q03265,6TT7_A,6TT7_A,74
26,30,P99028,P99028,7O37_H,7O37_H,2
27,32,P52825,P52825,4EYW_A,4EYW_A,12
28,33,P50544,P50544,afP50544_A,afP50544_A,34
29,35,Q9CPQ8,Q9CPQ8,afQ9CPQ8_A,afQ9CPQ8_A,5
30,38,P05202,P05202,3PD6_A,3PD6_A,34
31,40,Q9DB15,Q9DB15,2FTC_E,2FTC_E,7
32,44,P47738,P47738,5L13_A,5L13_A,8
33,46,Q9CXJ4,Q9CXJ4,afQ9CXJ4_A,afQ9CXJ4_A,2
34,47,Q9CRB9,Q9CRB9,afQ9CRB9_A,afQ9CRB9_A,45
35,49,Q99MN9,Q99MN9,afQ99MN9_A,afQ99MN9_A,5
36,52,Q80XN0,Q80XN0,afQ80XN0_A,afQ80XN0_A,5
37,53,Q8K2B3,Q8K2B3,6VAX_A,6VAX_A,22
38,55,Q8C196,Q8C196,6UEL_A,6UEL_A,26
39,56,Q9WTP7,Q9WTP7,1ZD8_A,1ZD8_A,3
40,61,P41216,P41216,afP41216_A,afP41216_A,41
41,63,P03930,P03930,afP03930_A,afP03930_A,2
42,67,P30275,P30275,1QK1_A,1QK1_A,13
43,68,Q9DB77,Q9DB77,7O37_B,7O37_B,22
44,70,Q9DCM2,Q9DCM2,afQ9DCM2_A,afQ9DCM2_A,4
45,71,Q9DB20,Q9DB20,afQ9DB20_A,afQ9DB20_A,43
46,77,Q60931,Q60931,afQ60931_A,afQ60931_A,5
47,79,P63038,P63038,7AZP_A,7AZP_A,61
48,80,Q9Z2I9,Q9Z2I9,6G4Q_B,6G4Q_B,18
49,81,P62897,P62897,5C0Z_A,5C0Z_A,22
50,83,Q8BH59,Q8BH59,afQ8BH59_A,afQ8BH59_A,6
51,92,Q9DBM2,Q9DBM2,3ZW8_A,3ZW8_A,12
52,94,Q60932,Q60932,3EMN_X,3EMN_X,12
53,95,P47934,P47934,2H3P_A,2H3P_A,8
54,96,P42125,P42125,afP42125_A,afP42125_A,7
55,97,P34914,P34914,1CQZ_A,1CQZ_A,2
56,98,P17710,P17710,1BG3_A,1BG3_A,16
57,100,Q8R1S0,Q8R1S0,afQ8R1S0_A,afQ8R1S0_A,2
58,101,P45952,P45952,afP45952_A,afP45952_A,12
59,103,Q60597,Q60597,afQ60597_A,afQ60597_A,15
60,108,Q91VR2,Q91VR2,2W6E_G,2W6E_G,14
61,111,O35143,O35143,afO35143_A,afO35143_A,9
62,114,Q9D6R2,Q9D6R2,7CE3_A,7CE3_A,7
63,119,Q91VS7,Q91VS7,5I9K_A,5I9K_A,8
64,121,Q8BW75,Q8BW75,afQ8BW75_A,afQ8BW75_A,4
65,130,Q9QXX4,Q9QXX4,4P5W_A,4P5W_A,3
66,133,Q91YT0,Q91YT0,6G72_F,6G72_F,8
67,137,Q8BH95,Q8BH95,1DUB_A,1DUB_A,7
68,138,Q9CZ13,Q9CZ13,7O37_A,7O37_A,5
69,139,P56480,P56480,2W6E_D,2W6E_D,32
70,145,Q9CR68,Q9CR68,5GUP_2,5GUP_2,5
71,150,Q8K1Z0,Q8K1Z0,6AWL_A,6AWL_A,3
72,154,P40630,P40630,afP40630_A,afP40630_A,5
73,157,Q91WN4,Q91WN4,6LKD_A,6LKD_A,3
74,160,Q8R4N0,Q8R4N0,afQ8R4N0_A,afQ8R4N0_A,7
75,164,P35486,P35486,3EXE_A,3EXE_A,14
76,166,Q9WUM5,Q9WUM5,1EUC_A,1EUC_A,10
77,167,Q99JY0,Q99JY0,5ZQZ_B,5ZQZ_B,22
78,172,O35459,O35459,1DCI_A,1DCI_A,12
79,173,Q99LC5,Q99LC5,1T9G_R,1T9G_R,24
80,177,Q922Q1,Q922Q1,afQ922Q1_A,afQ922Q1_A,1
81,182,P56382,P56382,6TT7_I,6TT7_I,10
82,183,P56391,P56391,7O37_h,7O37_h,7
83,190,Q99KR7,Q99KR7,4TOT_A,4TOT_A,1
84,193,Q8BWT1,Q8BWT1,afQ8BWT1_A,afQ8BWT1_A,19
85,198,Q8BMF4,Q8BMF4,afQ8BMF4_A,afQ8BMF4_A,14
86,217,P53395,P53395,afP53395_A,afP53395_A,5
87,220,Q8CGK3,Q8CGK3,7NFY_A,7NFY_A,17
88,223,P16332,P16332,2XIJ_A,2XIJ_A,1
89,226,Q9D6M3,Q9D6M3,afQ9D6M3_A,afQ9D6M3_A,1
90,230,P51881,P51881,afP51881_A,afP51881_A,13
91,233,Q9DCJ5,Q9DCJ5,6G2J_X,6G2J_X,4
92,236,Q9DC69,Q9DC69,6G2J_P,6G2J_P,5
93,239,Q9WUR2,Q9WUR2,afQ9WUR2_A,afQ9WUR2_A,10
94,252,Q99MR8,Q99MR8,afQ99MR8_A,afQ99MR8_A,6
95,275,Q91WS0,Q91WS0,afQ91WS0_A,afQ91WS0_A,8
96,278,P67778,P67778,afP67778_A,afP67778_A,3
97,281,O35857,O35857,afO35857_A,afO35857_A,10
98,285,Q9CZU6,Q9CZU6,5UQS_A,5UQS_A,22
99,295,Q9Z0X1,Q9Z0X1,3GD3_A,3GD3_A,8
100,304,P08228,P08228,3GTT_A,3GTT_A,2
101,305,Q07417,Q07417,1JQI_A,1JQI_A,5
102,306,Q9CZW5,Q9CZW5,7DHG_C,7DHG_C,13
103,307,Q8BIJ6,Q8BIJ6,afQ8BIJ6_A,afQ8BIJ6_A,3
104,315,Q64433,Q64433,4PJ1_1,4PJ1_1,15
105,318,Q3UJU9,Q3UJU9,afQ3UJU9_A,afQ3UJU9_A,1
106,320,Q8R1I1,Q8R1I1,7O37_J,7O37_J,2
107,327,P19783,P19783,7O37_d,7O37_d,7
108,329,Q3ULD5,Q3ULD5,afQ3ULD5_A,afQ3ULD5_A,5
109,336,Q99LB2,Q99LB2,afQ99LB2_A,afQ99LB2_A,5
110,346,Q06185,Q06185,afQ06185_A,afQ06185_A,6
111,348,P70404,P70404,6L57_B,6L57_B,4
112,351,Q9CPP6,Q9CPP6,6G2J_V,6G2J_V,4
113,354,P00015,P00015,2AIU_A,2AIU_A,1
114,360,Q9WTP6,Q9WTP6,2C9Y_A,2C9Y_A,3
115,366,Q9DCS9,Q9DCS9,6G2J_p,6G2J_p,1
116,381,P16858,P16858,6LGJ_A,6LGJ_A,4
117,396,P24270,P24270,3NWL_A,3NWL_A,11
118,404,Q9Z1P6,Q9Z1P6,6G2J_r,6G2J_r,3
119,411,Q9CR13,Q9CR13,afQ9CR13_A,afQ9CR13_A,1
120,414,Q62425,Q62425,afQ62425_A,afQ62425_A,14
121,419,Q99LB7,Q99LB7,afQ99LB7_A,afQ99LB7_A,2
122,420,P47740,P47740,afP47740_A,afP47740_A,2
123,435,P54869,P54869,2WYA_A,2WYA_A,4
124,436,O35129,O35129,afO35129_A,afO35129_A,7
125,438,P99029,P99029,1H4O_A,1H4O_A,2
126,448,Q8QZS1,Q8QZS1,afQ8QZS1_A,afQ8QZS1_A,8
127,449,Q64521,Q64521,afQ64521_A,afQ64521_A,1
128,463,Q9JK42,Q9JK42,1JM6_A,1JM6_A,1
129,468,Q9CQ92,Q9CQ92,1PC2_A,1PC2_A,1
130,472,Q9DCN2,Q9DCN2,1I7P_A,1I7P_A,2
131,479,Q9CQA3,Q9CQA3,4YTP_B,4YTP_B,7
132,483,Q7TMF3,Q7TMF3,7AK5_q,7AK5_q,2
133,487,Q922B1,Q922B1,2X47_A,2X47_A,4
134,490,Q6PCP5,Q6PCP5,afQ6PCP5_A,afQ6PCP5_A,1
135,492,P61922,P61922,1OHV_A,1OHV_A,1
136,493,Q9EQ20,Q9EQ20,afQ9EQ20_A,afQ9EQ20_A,5
137,502,Q80U63,Q80U63,6JFK_A,6JFK_A,1
138,503,P51660,P51660,afP51660_A,afP51660_A,3
139,506,Q9CQR4,Q9CQR4,2CY9_A,2CY9_A,8
140,511,O88696,O88696,6BBA_A,6BBA_A,1
141,512,Q9QYR9,Q9QYR9,afQ9QYR9_A,afQ9QYR9_A,2
142,516,Q91ZA3,Q91ZA3,afQ91ZA3_A,afQ91ZA3_A,3
143,521,Q8BWM0,Q8BWM0,afQ8BWM0_A,afQ8BWM0_A,2
144,527,O88967,O88967,afO88967_A,afO88967_A,1
145,536,Q78PY7,Q78PY7,3BDL_A,3BDL_A,1
146,537,P56379,P56379,afP56379_A,afP56379_A,2
147,539,P09671,P09671,1N0J_A,1N0J_A,6
148,540,P14152,P14152,4MDH_A,4MDH_A,4
149,556,Q9DC50,Q9DC50,1XMD_A,1XMD_A,1
150,563,P32020,P32020,afP32020_A,afP32020_A,13
151,566,P31786,P31786,afP31786_A,afP31786_A,2
152,572,Q9R0H0,Q9R0H0,1IS2_A,1IS2_A,9
153,605,Q99LC3,Q99LC3,6G2J_O,6G2J_O,4
154,616,O55125,O55125,afO55125_A,afO55125_A,1
155,620,P11725,P11725,1C9Y_A,1C9Y_A,1
156,643,Q64133,Q64133,1O5W_A,1O5W_A,1
157,647,P20108,P20108,5JCG_A,5JCG_A,9
158,656,Q9D5T0,Q9D5T0,afQ9D5T0_A,afQ9D5T0_A,8
159,675,P36552,P36552,afP36552_A,afP36552_A,3
160,678,P26443,P26443,5K12_A,5K12_A,10
161,681,P40142,P40142,4KXU_A,4KXU_A,2
162,685,Q8BFR5,Q8BFR5,7A5G_Z,7A5G_Z,10
163,693,Q99LY9,Q99LY9,6G2J_e,6G2J_e,1
164,698,Q8JZQ2,Q8JZQ2,6NYY_A,6NYY_A,9
165,700,Q61102,Q61102,afQ61102_A,afQ61102_A,2
166,705,Q8K2C6,Q8K2C6,5BWL_A,5BWL_A,3
167,708,Q9CQ54,Q9CQ54,6G2J_d,6G2J_d,1
168,722,Q8BGH2,Q8BGH2,afQ8BGH2_A,afQ8BGH2_A,1
169,723,D3Z7P3,D3Z7P3,5UQE_A,5UQE_A,1
170,733,Q9R112,Q9R112,afQ9R112_A,afQ9R112_A,1
171,751,Q9CXD6,Q9CXD6,afQ9CXD6_A,afQ9CXD6_A,2
172,755,Q921G7,Q921G7,2GMH_A,2GMH_A,3
173,763,Q9DCT2,Q9DCT2,6G2J_C,6G2J_C,1
174,766,Q921H9,Q921H9,afQ921H9_A,afQ921H9_A,4
175,774,Q99M87,Q99M87,afQ99M87_A,afQ99M87_A,5
176,786,Q91VN4,Q91VN4,afQ91VN4_A,afQ91VN4_A,1
177,790,A2ASZ8,A2ASZ8,afA2ASZ8_A,afA2ASZ8_A,1
178,791,Q5U458,Q5U458,afQ5U458_A,afQ5U458_A,2
179,801,Q921H8,Q921H8,afQ921H8_A,afQ921H8_A,1
180,805,Q9DBL1,Q9DBL1,afQ9DBL1_A,afQ9DBL1_A,2
181,814,Q8VCH0,Q8VCH0,afQ8VCH0_A,afQ8VCH0_A,1
182,816,P17751,P17751,4POC_A,4POC_A,1
183,823,Q8VDC0,Q8VDC0,afQ8VDC0_A,afQ8VDC0_A,1
184,827,Q9CYH2,Q9CYH2,afQ9CYH2_A,afQ9CYH2_A,1
185,832,Q8BKZ9,Q8BKZ9,afQ8BKZ9_A,afQ8BKZ9_A,7
186,845,Q925N0,Q925N0,afQ925N0_A,afQ925N0_A,2
187,850,Q3KNM2,Q3KNM2,afQ3KNM2_A,afQ3KNM2_A,1
188,857,Q8BK30,Q8BK30,6G2J_s,6G2J_s,3
189,881,Q9CRD0,Q9CRD0,afQ9CRD0_A,afQ9CRD0_A,2
190,889,Q2TPA8,Q2TPA8,afQ2TPA8_A,afQ2TPA8_A,2
191,892,Q60649,Q60649,afQ60649_A,afQ60649_A,1
192,915,Q9D6J6,Q9D6J6,6G2J_E,6G2J_E,1
193,922,Q8BWF0,Q8BWF0,afQ8BWF0_A,afQ8BWF0_A,5
194,939,Q8K411,Q8K411,afQ8K411_A,afQ8K411_A,3
195,945,P12787,P12787,1OCC_E,1OCC_E,2
196,950,Q9WUR9,Q9WUR9,2AR7_A,2AR7_A,2
197,995,P29758,P29758,1OAT_A,1OAT_A,3
198,998,Q9JHI5,Q9JHI5,1IVH_A,1IVH_A,2
199,1001,Q60930,Q60930,7NIE_C,7NIE_C,2
200,1053,Q9CQQ7,Q9CQQ7,afQ9CQQ7_A,afQ9CQQ7_A,6
201,1060,Q9D051,Q9D051,6CER_B,6CER_B,1
202,1074,Q99JB2,Q99JB2,afQ99JB2_A,afQ99JB2_A,2
203,1077,Q9D8T7,Q9D8T7,afQ9D8T7_A,afQ9D8T7_A,1
204,1098,Q8VEM8,Q8VEM8,afQ8VEM8_A,afQ8VEM8_A,5
205,1109,Q8VCW8,Q8VCW8,afQ8VCW8_A,afQ8VCW8_A,2
206,1112,Q9CQH3,Q9CQH3,6G2J_h,6G2J_h,1
207,1127,Q922D8,Q922D8,afQ922D8_A,afQ922D8_A,1
208,1130,B1AR13,B1AR13,afB1AR13_A,afB1AR13_A,1
209,1135,Q8K370,Q8K370,afQ8K370_A,afQ8K370_A,3
210,1157,O08528,O08528,5HEX_A,5HEX_A,1
211,1177,Q924X2,Q924X2,afQ924X2_A,afQ924X2_A,4
212,1224,Q9JJL8,Q9JJL8,afQ9JJL8_A,afQ9JJL8_A,1
213,1231,Q9DCV4,Q9DCV4,afQ9DCV4_A,afQ9DCV4_A,1
214,1256,Q9CZP5,Q9CZP5,6UKO_A,6UKO_A,1
215,1268,Q9D0S9,Q9D0S9,afQ9D0S9_A,afQ9D0S9_A,4
216,1269,Q9DCS3,Q9DCS3,afQ9DCS3_A,afQ9DCS3_A,2
217,1273,Q91VT4,Q91VT4,afQ91VT4_A,afQ91VT4_A,3
218,1299,Q8VE38,Q8VE38,afQ8VE38_A,afQ8VE38_A,2
219,1342,Q99J39,Q99J39,afQ99J39_A,afQ99J39_A,1
220,1367,Q8CHT0,Q8CHT0,3V9J_A,3V9J_A,2
221,1387,Q99L13,Q99L13,2I9P_A,2I9P_A,2
222,1423,P56394,P56394,2RN9_A,2RN9_A,2
223,1425,E9Q7L0,E9Q7L0,afE9Q7L0_A,afE9Q7L0_A,2
224,1427,Q3UV70,Q3UV70,3MQ3_A,3MQ3_A,1
225,1428,Q8R2Y8,Q8R2Y8,afQ8R2Y8_A,afQ8R2Y8_A,1
226,1429,Q8VCE1,Q8VCE1,afQ8VCE1_A,afQ8VCE1_A,1
227,1430,Q59J78,Q59J78,afQ59J78_A,afQ59J78_A,2
228,1434,Q8R3Q6,Q8R3Q6,afQ8R3Q6_A,afQ8R3Q6_A,1
229,1435,P47802,P47802,afP47802_A,afP47802_A,2
230,1436,E9QPD7,E9QPD7,3BG3_A,3BG3_A,2
231,1438,Q60936,Q60936,4PED_A,4PED_A,4
232,1446,Q3TL44,Q3TL44,afQ3TL44_A,afQ3TL44_A,1
233,1447,A2AAJ9,A2AAJ9,afA2AAJ9_A,afA2AAJ9_A,6
234,1481,E9Q7L0,Q60597,afE9Q7L0_A,afQ60597_A,1
235,1483,Q9CZN7,Q9CZN7,6QVG_A,6QVG_A,2
236,1562,Q9D0L4,Q9D0L4,afQ9D0L4_A,afQ9D0L4_A,1
237,1563,Q91YJ5,Q91YJ5,afQ91YJ5_A,afQ91YJ5_A,1
238,1564,Q9JLZ3,Q9JLZ3,1HZD_A,1HZD_A,9
239,1574,P51174,P51174,afP51174_A,afP51174_A,8
240,1618,P50136,P50136,1DTW_A,1DTW_A,1
241,1619,O35658,O35658,3RPX_A,3RPX_A,1
242,1662,P46656,P46656,3P1M_A,3P1M_A,1
243,1663,P22315,P22315,2PO7_A,2PO7_A,1
244,1664,Q7TMG8,Q7TMG8,afQ7TMG8_A,afQ7TMG8_A,9
245,1688,Q61941,Q61941,6QTI_A,6QTI_A,22
246,1712,P53986,P53986,afP53986_A,afP53986_A,2
247,1719,O55028,O55028,3TZ0_A,3TZ0_A,2
248,1727,P19536,P19536,7O37_f,7O37_f,1
249,1804,P02468,P02468,afP02468_A,afP02468_A,1
250,1805,Q9CXZ1,Q9CXZ1,6G2J_Q,6G2J_Q,2
251,1807,P09103,P09103,4EKZ_A,4EKZ_A,1
252,1815,Q9Z2I8,Q9Z2I8,5CAE_B,5CAE_B,5
253,1843,P09925,P09925,afP09925_A,afP09925_A,1
254,1844,Q9JLT4,Q9JLT4,1ZDL_A,1ZDL_A,2
255,1847,P62075,P62075,afP62075_A,afP62075_A,1
256,1857,O08756,O08756,1E3S_A,1E3S_A,1
257,1863,O88441,O88441,afO88441_A,afO88441_A,1
258,1874,Q9JKF7,Q9JKF7,6NU2_7,6NU2_7,2
259,1876,Q9Z2I0,Q9Z2I0,afQ9Z2I0_A,afQ9Z2I0_A,10
260,1888,P97493,P97493,1UVZ_A,1UVZ_A,1
261,1889,Q8VC19,Q8VC19,afQ8VC19_A,afQ8VC19_A,1
262,1896,Q9ER88,Q9ER88,afQ9ER88_A,afQ9ER88_A,1
263,1897,Q9CQJ8,Q9CQJ8,6G2J_n,6G2J_n,1
264,1903,Q9EQI8,Q9EQI8,afQ9EQI8_A,afQ9EQI8_A,1
265,1907,Q8R0F8,Q8R0F8,6SBI_A,6SBI_A,1
266,1924,Q811U4,Q811U4,afQ811U4_A,afQ811U4_A,1
267,1925,Q9CR62,Q9CR62,afQ9CR62_A,afQ9CR62_A,4
268,1928,Q9D1B9,Q9D1B9,afQ9D1B9_A,afQ9D1B9_A,1
269,1929,Q9CPY7,Q9CPY7,1BLL_E,1BLL_E,1
270,1958,Q8CI78,Q8CI78,afQ8CI78_A,afQ8CI78_A,1
271,1959,Q9CZR8,Q9CZR8,afQ9CZR8_A,afQ9CZR8_A,4
272,1963,Q9CR98,Q9CR98,afQ9CR98_A,afQ9CR98_A,3
273,1967,Q3URS9,Q3URS9,afQ3URS9_A,afQ3URS9_A,1
274,1968,Q91WK1,Q91WK1,afQ91WK1_A,afQ91WK1_A,1
275,1978,Q9D8H7,Q9D8H7,afQ9D8H7_A,afQ9D8H7_A,1
276,1980,Q9CQZ5,Q9CQZ5,6G2J_W,6G2J_W,3
277,1983,Q9D6K8,Q9D6K8,afQ9D6K8_A,afQ9D6K8_A,7
278,1991,Q9D855,Q9D855,7O37_F,7O37_F,6
279,1997,Q9D6S7,Q9D6S7,afQ9D6S7_A,afQ9D6S7_A,1
280,1998,Q9CPZ8,Q9CPZ8,afQ9CPZ8_A,afQ9CPZ8_A,1
281,2009,Q9CQN1,Q9CQN1,6XG6_A,6XG6_A,3
282,2014,Q8R035,Q8R035,afQ8R035_A,afQ8R035_A,1
283,2016,Q9D924,Q9D924,afQ9D924_A,afQ9D924_A,1
284,2025,Q9CWX2,Q9CWX2,afQ9CWX2_A,afQ9CWX2_A,1
285,2033,Q8K0Z7,Q8K0Z7,5EKZ_A,5EKZ_A,3
286,2036,Q3U125,Q3U125,afQ3U125_A,afQ3U125_A,1
287,2039,Q8K1R3,Q8K1R3,5ZF6_A,5ZF6_A,2
288,2040,Q8CC88,Q8CC88,afQ8CC88_A,afQ8CC88_A,4
289,2043,Q3UQ84,Q3UQ84,afQ3UQ84_A,afQ3UQ84_A,1
290,2044,D3Z7X0,D3Z7X0,afD3Z7X0_A,afD3Z7X0_A,3
291,2047,Q6PB66,Q6PB66,afQ6PB66_A,afQ6PB66_A,3
292,2057,Q8BKY8,Q8BKY8,afQ8BKY8_A,afQ8BKY8_A,1
293,2059,Q3UFY8,Q3UFY8,afQ3UFY8_A,afQ3UFY8_A,1
294,2060,Q9DC70,Q9DC70,6G2J_B,6G2J_B,1
295,2067,Q78J03,Q78J03,2L1U_A,2L1U_A,2
296,2069,A0A0R4J094,A0A0R4J094,afA0A0R4J094_A,afA0A0R4J094_A,2
297,2082,Q8BPT6,Q8BPT6,afQ8BPT6_A,afQ8BPT6_A,1
298,2083,A0A1B0GRP7,A0A1B0GRP7,afA0A1B0GRP7_A,afA0A1B0GRP7_A,1
299,2084,Q91Z53,Q91Z53,afQ91Z53_A,afQ91Z53_A,1
300,2093,Q91VA7,Q91VA7,7CE3_D,7CE3_D,4
301,2103,Q91V16,Q91V16,afQ91V16_A,afQ91V16_A,1
302,2132,Q8R1R3,Q8R1R3,afQ8R1R3_A,afQ8R1R3_A,1
303,2133,Q99JR6,Q99JR6,5Z9R_A,5Z9R_A,1
304,2141,Q99JT1,Q99JT1,afQ99JT1_A,afQ99JT1_A,1
305,2142,Q8K4Z3,Q8K4Z3,2O8N_A,2O8N_A,1
306,2143,Q3URE1,Q3URE1,afQ3URE1_A,afQ3URE1_A,1
307,2144,Q8K4F5,Q8K4F5,afQ8K4F5_A,afQ8K4F5_A,1
308,2159,Q91VM9,Q91VM9,afQ91VM9_A,afQ91VM9_A,3
309,2162,Q3ULF4,Q3ULF4,afQ3ULF4_A,afQ3ULF4_A,1
310,2163,Q8CH40,Q8CH40,afQ8CH40_A,afQ8CH40_A,2
311,2165,Q8BGY7,Q8BGY7,afQ8BGY7_A,afQ8BGY7_A,2
312,2171,Q8JZN5,Q8JZN5,afQ8JZN5_A,afQ8JZN5_A,2
313,2172,Q8BMS4,Q8BMS4,afQ8BMS4_A,afQ8BMS4_A,1
314,2178,Q71RI9,Q71RI9,5VEQ_A,5VEQ_A,1
315,2179,Q8BGT5,Q8BGT5,3IHJ_A,3IHJ_A,2
316,2185,Q80XL6,Q80XL6,afQ80XL6_A,afQ80XL6_A,1
317,2190,Q5IRJ6,Q5IRJ6,afQ5IRJ6_A,afQ5IRJ6_A,1
318,2210,Q811I0,Q811I0,afQ811I0_A,afQ811I0_A,1
319,2211,Q8BMF3,Q8BMF3,afQ8BMF3_A,afQ8BMF3_A,1
320,2212,Q9CR59,Q9CR59,afQ9CR59_A,afQ9CR59_A,1
321,2214,Q8BYL4,Q8BYL4,afQ8BYL4_A,afQ8BYL4_A,1
322,2256,Q9QZH6,Q9QZH6,afQ9QZH6_A,afQ9QZH6_A,1
323,2284,P47199,P47199,afP47199_A,afP47199_A,1
324,2299,Q9WU79,Q9WU79,afQ9WU79_A,afQ9WU79_A,1
325,2312,Q791V5,Q791V5,afQ791V5_A,afQ791V5_A,1
326,2314,Q9ESW4,Q9ESW4,7CGP_B,7CGP_B,1
327,2319,Q8CG76,Q8CG76,2C91_A,2C91_A,1
328,2321,Q66GT5,Q66GT5,3RGO_A,3RGO_A,1
329,2323,P56395,P56395,2M33_A,2M33_A,1
330,2328,Q78IK4,Q78IK4,afQ78IK4_A,afQ78IK4_A,1
331,2329,Q9DCZ4,Q9DCZ4,afQ9DCZ4_A,afQ9DCZ4_A,1
332,2331,Q9D8Z2,Q9D8Z2,6I3Y_A,6I3Y_A,1
333,2336,Q9CZS1,Q9CZS1,afQ9CZS1_A,afQ9CZS1_A,1
334,2347,Q9D273,Q9D273,2IDX_A,2IDX_A,1
335,2351,P11930,P11930,afP11930_A,afP11930_A,1
336,2365,Q6NVE9,Q6NVE9,afQ6NVE9_A,afQ6NVE9_A,1
337,2367,Q99M07,Q99M07,afQ99M07_A,afQ99M07_A,1
338,2369,Q8JZS9,Q8JZS9,afQ8JZS9_A,afQ8JZS9_A,1
