,Index,Entry,Entry Name,Reviewed,Protein names,Gene Names,Organism,Length,Sequence,PDB,Count
0,0,Q9DC69,NDUA9_MOUSE,reviewed,"NADH dehydrogenase [ubiquinone] 1 alpha subcomplex subunit 9, mitochondrial (Complex I-39kD) (CI-39kD) (NADH-ubiquinone oxidoreductase 39 kDa subunit)",Ndufa9,Mus musculus (Mouse),377,MAAAVRFRVVRALPMSRPAITAAATSVFCGSSHRQLHHAVIPHGKGGRSSVSGVVATVFGATGFLGRYVVNHLGRMGSQVIIPYRCDVYDIMHLRLMGDLGQLTFLEWDARDKDSIRKAVQHSNVVINLIGREWETRNFDFEDVFVNIPRAIAQASKEAGVERFIHVSHLNASMKSSSKSLRSKAVGEKEVRSVFPEAIIIRPSDIFGREDRFLNHFANYRWFLAVPLVSLGFKTVKQPVYVADVSKGIVNATKDPDAVGKTFAFTGPNRYLLFHLVKYIFGMTHRTFIPYPLPLFVYSWIGKLFGLSPFEPWTTKDKVERIHISDVMPTDLPGLEDLGVQPTPLELKSIEVLRRHRTYRWLSSEIEETKPAKTVNY,6G2J_P,1
1,1,P56382,ATP5E_MOUSE,reviewed,"ATP synthase subunit epsilon, mitochondrial (ATPase subunit epsilon) (ATP synthase F1 subunit epsilon)",Atp5f1e Atp5e,Mus musculus (Mouse),52,MVAYWRQAGLSYIRFSQICAKAVRDALKTEFKANAEKTSGSSIKIVKVSKKE,6TT7_I,2
2,2,Q9D6J6,NDUV2_MOUSE,reviewed,"NADH dehydrogenase [ubiquinone] flavoprotein 2, mitochondrial (EC 7.1.1.2) (NADH-ubiquinone oxidoreductase 24 kDa subunit)",Ndufv2,Mus musculus (Mouse),248,MFSLALRARATGLAAQWGRHARNLHKTAVHNGAGGALFVHRDTPENNPDTPFDFTPENYKRIEAIVKNYPEGHQAAAVLPVLDLAQRQNGWLPISAMNKVAEVLQVPPMRVYEVATFYTMYNRKPVGKYHIQVCTTTPCMLRDSDSILETLQRKLGIKVGETTPDKLFTLIEVECLGACVNAPMVQINDNYYEDLTPKDIEEIIDELKAGKVPKPGPRSGRFCCEPAGGLTSLTEPPKGPGFGVQAGL,6G2J_E,1
3,3,Q91YT0,NDUV1_MOUSE,reviewed,"NADH dehydrogenase [ubiquinone] flavoprotein 1, mitochondrial (EC 7.1.1.2) (Complex I-51kD) (CI-51kD) (NADH-ubiquinone oxidoreductase 51 kDa subunit)",Ndufv1,Mus musculus (Mouse),464,MLAARHFLGGLVPVRVSVRFSSGTTAPKKTSFGSLKDEDRIFTNLYGRHDWRLKGALRRGDWYKTKEILLKGPDWILGEMKTSGLRGRGGAGFPTGLKWSFMNKPSDGRPKYLVVNADEGEPGTCKDREIMRHDPHKLVEGCLVGGRAMGARAAYIYIRGEFYNEASNLQVAIREAYEAGLIGKNACGSDYDFDVFVVRGAGAYICGEETALIESIEGKQGKPRLKPPFPADVGVFGCPTTVANVETVAVSPTICRRGGTWFAGFGRERNSGTKLFNISGHVNHPCTVEEEMSVPLKELIEKHAGGVTGGWDNLLAVIPGGSSTPLIPKSVCETVLMDFDALVQAQTGLGTAAVIVMDRSTDIVKAIARLIEFYKHESCGQCTPCREGVDWMNKVMARFVKGDARPAEIDSLWEISKQIEGHTICALGDGAAWPVQGLIRHFRPELEDRMQRFAQQHRAWQAAS,6G72_F,2
4,5,Q9CQ75,NDUA2_MOUSE,reviewed,NADH dehydrogenase [ubiquinone] 1 alpha subcomplex subunit 2 (Complex I-B8) (CI-B8) (NADH-ubiquinone oxidoreductase B8 subunit),Ndufa2,Mus musculus (Mouse),99,MAAAAASRAVGAKLGLREIRVHLCQRSPGSQGVRDFIVQRYVELKKAHPNLPILIRECSEVQPKLWARYAFGQEKTVSLNNLSADEVTRAMQNVLSGKA,6G2J_S,1
5,6,Q9CQ62,DECR_MOUSE,reviewed,"2,4-dienoyl-CoA reductase [(3E)-enoyl-CoA-producing], mitochondrial (EC 1.3.1.124) (2,4-dienoyl-CoA reductase [NADPH]) (4-enoyl-CoA reductase [NADPH])",Decr1,Mus musculus (Mouse),335,MALLGRAFFAGVSRLPCDPGPQRFFSFGTKTLYQSKDAPQSKFFQPVLKPMLPPDAFQGKVAFITGGGTGLGKAMTTFLSTLGAQCVIASRNIDVLKATAEEISSKTGNKVHAIRCDVRDPDMVHNTVLELIKVAGHPDVVINNAAGNFISPSERLTPNGWKTITDIVLNGTAYVTLEIGKQLIKAQKGAAFLAITTIYAESGSGFVMPSSSAKSGVEAMNKSLAAEWGRYGMRFNIIQPGPIKTKGAFSRLDPTGRFEKEMIDRIPCGRLGTMEELANLATFLCSDYASWINGAVIRFDGGEEVFLSGEFNSLKKVTKEEWDIIEGLIRKTKGS,afQ9CQ62_A,1
6,1,Q03265,ATPA_MOUSE,reviewed,"ATP synthase subunit alpha, mitochondrial (ATP synthase F1 subunit alpha)",Atp5f1a Atp5a1,Mus musculus (Mouse),553,MLSVRVAAAVARALPRRAGLVSKNALGSSFVGARNLHASNTRLQKTGTAEMSSILEERILGADTSVDLEETGRVLSIGDGIARVHGLRNVQAEEMVEFSSGLKGMSLNLEPDNVGVVVFGNDKLIKEGDVVKRTGAIVDVPVGEELLGRVVDALGNAIDGKGPIGSKTRRRVGLKAPGIIPRISVREPMQTGIKAVDSLVPIGRGQRELIIGDRQTGKTSIAIDTIINQKRFNDGTDEKKKLYCIYVAIGQKRSTVAQLVKRLTDADAMKYTIVVSATASDAAPLQYLAPYSGCSMGEYFRDNGKHALIIYDDLSKQAVAYRQMSLLLRRPPGREAYPGDVFYLHSRLLERAAKMNDSFGGGSLTALPVIETQAGDVSAYIPTNVISITDGQIFLETELFYKGIRPAINVGLSVSRVGSAAQTRAMKQVAGTMKLELAQYREVAAFAQFGSDLDAATQQLLSRGVRLTELLKQGQYSPMAIEEQVAVIYAGVRGYLDKLEPSKITKFENAFLSHVISQHQSLLGNIRSDGKISEQSDAKLKEIVTNFLAGFEP,6TT7_A,6
7,8,Q9DB20,ATPO_MOUSE,reviewed,"ATP synthase subunit O, mitochondrial (ATP synthase peripheral stalk subunit OSCP) (Oligomycin sensitivity conferral protein) (OSCP)",Atp5po Atp5o D12Wsu28e,Mus musculus (Mouse),213,MAAPAASGLSRQVRSFSTSVVRPFAKLVRPPVQVYGIEGRYATALYSAASKEKKLDQVEKELLRVGQLLKDPKVSLAVLNPYIKRTVKVKSLNDITKREKFSPLTANLMNLLAENGRLGNTQGIISAFSTIMSVHRGEVPCTVTTASPLDDAVLSELKTVLKSFLSPNQILKLEIKTDPSIMGGMIVRIGEKYVDMSAKSKIQKLSKAMREML,afQ9DB20_A,4
8,10,Q9DCX2,ATP5H_MOUSE,reviewed,"ATP synthase subunit d, mitochondrial (ATPase subunit d) (ATP synthase peripheral stalk subunit d)",Atp5pd Atp5h,Mus musculus (Mouse),161,MAGRKLALKTIDWVSFVEVMPQNQKAIGNALKSWNETFHARLASLSEKPPAIDWAYYRANVAKPGLVDDFEKKYNALKIPVPEDKYTALVDQEEKEDVKSCAEFVSGSQLRIQEYEKQLEKMRNIIPFDQMTIDDLNEIFPETKLDKKKYPYWPHQPIENL,afQ9DCX2_A,1
9,13,Q8BMS1,ECHA_MOUSE,reviewed,"Trifunctional enzyme subunit alpha, mitochondrial (Monolysocardiolipin acyltransferase) (EC 2.3.1.-) (TP-alpha) [Includes: Long-chain enoyl-CoA hydratase (EC 4.2.1.17); Long chain 3-hydroxyacyl-CoA dehydrogenase (EC 1.1.1.211)]",Hadha,Mus musculus (Mouse),763,MVASRAIGSLSRFSAFRILRSRGCICRSFTTSSALLTRTHINYGVKGDVAVIRINSPNSKVNTLNKEVQSEFIEVMNEIWANDQIRSAVLISSKPGCFVAGADINMLSSCTTPQEATRISQEGQRMFEKLEKSPKPVVAAISGSCLGGGLELAIACQYRIATKDRKTVLGVPEVLLGILPGAGGTQRLPKMVGVPAAFDMMLTGRNIRADRAKKMGLVDQLVEPLGPGIKSPEERTIEYLEEVAVNFAKGLADRKVSAKQSKGLVEKLTTYAMTVPFVRQQVYKTVEEKVKKQTKGLYPAPLKIIDAVKAGLEQGSDAGYLAESQKFGELALTKESKALMGLYNGQVLCKKNKFGAPQKNVQQLAILGAGLMGAGIAQVSVDKGLKTLLKDTTVTGLGRGQQQVFKGLNDKVKKKALTSFERDSIFSNLIGQLDYKGFEKADMVIEAVFEDLGVKHKVLKEVESVTPEHCIFASNTSALPINQIAAVSKRPEKVIGMHYFSPVDKMQLLEIITTDKTSKDTTASAVAVGLRQGKVIIVVKDGPGFYTTRCLAPMMSEVMRILQEGVDPKKLDALTTGFGFPVGAATLADEVGVDVAQHVAEDLGKAFGERFGGGSVELLKQMVSKGFLGRKSGKGFYIYQEGSKNKSLNSEMDNILANLRLPAKPEVSSDEDVQYRVITRFVNEAVLCLQEGILATPAEGDIGAVFGLGFPPCLGGPFRFVDLYGAQKVVDRLRKYESAYGTQFTPCQLLLDHANNSSKKFYQ,afQ8BMS1_A,1
10,15,Q99LC3,NDUAA_MOUSE,reviewed,"NADH dehydrogenase [ubiquinone] 1 alpha subcomplex subunit 10, mitochondrial (Complex I-42kD) (CI-42kD) (NADH-ubiquinone oxidoreductase 42 kDa subunit)",Ndufa10,Mus musculus (Mouse),355,MALRLLRLVPASAPARGLAAGAQRVGRIHTSVHCKLRYGLLAAILGDKTTKKLHEYSRVITVDGNICSGKNKLAKEIAQQLGMKHYPEAGIQYSSTTTGDGRPLDIEFSGSCSLEKFYDDPKSNDGNSYRLQSWLYASRLLQYADALEHLLSTGQGVVLERSIYSDFVFLEAMYNQGYIRKQCVDHYNEIKRLTLPEYLPPHAVIYIDVPVPEVQSRIQKKGDPHEMKVTSAYLQDIENAYKKTFLPKMSEMCEVLVYDSWEAEDPTKVVEDIEYLKYNKGPWLKQDDWTFHYLRMLVQDKTEVLNYTTIPVYLPEITIGAHQGSRIYNSFRELPGRKYAPGYNAEVGDKWIWLK,6G2J_O,1
11,16,Q91VR2,ATPG_MOUSE,reviewed,"ATP synthase subunit gamma, mitochondrial (ATP synthase F1 subunit gamma) (F-ATPase gamma subunit)",Atp5f1c Atp5c1,Mus musculus (Mouse),298,MFSRASVVGLSACAVQPQWIQVRNMATLKDITRRLKSIKNIQKITKSMKMVAAAKYARAERELKPARVYGTGSLALYEKADIKAPEDKKKHLIIGVSSDRGLCGAIHSSVAKQMKNEVAALTAAGKEVMIVGVGEKIKGILYRTHSDQFLVSFKDVGRKPPTFGDASVIALELLNSGYEFDEGSIIFNQFKSVISYKTEEKPIFSLNTIATAETMSIYDDIDADVLQNYQEYNLANLIYYSLKESTTSEQSARMTAMDNASKNASDMIDKLTLTFNRTRQAVITKELIEIISGAAALD,2W6E_G,1
12,17,Q8JZQ2,AFG32_MOUSE,reviewed,AFG3-like protein 2 (EC 3.4.24.-),Afg3l2,Mus musculus (Mouse),802,MAHRCLLLWSRGGCRRGLPPLLVPRGCLGPDRRPCLRTLYQYATVQTASSRRSLLRDVIAAYQRFCSRPPKGFEKYFPNGKNGKKASEPKEAVGEKKEPQPSGPQPSGGAGGGGGKRRGKKEDSHWWSRFQKGDFPWDDKDFRMYFLWTALFWGGVMIYFVFKSSGREITWKDFVNNYLSKGVVDRLEVVNKRFVRVTFTPGKTPVDGQYVWFNIGSVDTFERNLETLQQELGIEGENRVPVVYIAESDGSFLLSMLPTVLIIAFLLYTIRRGPAGIGRTGRGMGGLFSVGETTAKVLKDEIDVKFKDVAGCEEAKLEIMEFVNFLKNPKQYQDLGAKIPKGAILTGPPGTGKTLLAKATAGEANVPFITVSGSEFLEMFVGVGPARVRDLFALARKNAPCILFIDEIDAVGRKRGRGNFGGQSEQENTLNQLLVEMDGFNTTTNVVILAGTNRPDILDPALLRPGRFDRQIFIGPPDIKGRASIFKVHLRPLKLDSALEKDKLARKLASLTPGFSGADVANVCNEAALIAARHLSDAINEKHFEQAIERVIGGLEKKTQVLQPEEKKTVAYHEAGHAVAGWYLEHADPLLKVSIIPRGKGLGYAQYLPKEQYLYTKEQLLDRMCMTLGGRVSEEIFFGRITTGAQDDLRKVTQSAYAQIVQFGMNEKVGQISFDLPRQGDMVLEKPYSEATARMIDDEVRILISDAYRRTVALLTEKKADVEKVALLLLEKEVLDKNDMVQLLGPRPFTEKSTYEEFVEGTGSLDEDTSLPEGLQDWNKEREKEEKKEKEKEEPLNEKVVS,6NYY_A,1
13,18,Q9WV98,TIM9_MOUSE,reviewed,Mitochondrial import inner membrane translocase subunit Tim9,Timm9 Tim9 Tim9a Timm9a,Mus musculus (Mouse),89,MAAQIPESDQIKQFKEFLGTYNKLTETCFLDCVKDFTTREVKPEEVTCSEHCLQKYLKMTQRISVRFQEYHIQQNEALAAKAGLLGQPR,2BSK_A,1
14,20,P08249,MDHM_MOUSE,reviewed,"Malate dehydrogenase, mitochondrial (EC 1.1.1.37)",Mdh2 Mor1,Mus musculus (Mouse),338,MLSALARPAGAALRRSFSTSAQNNAKVAVLGASGGIGQPLSLLLKNSPLVSRLTLYDIAHTPGVAADLSHIETRANVKGYLGPEQLPDCLKGCDVVVIPAGVPRKPGMTRDDLFNTNATIVATLTAACAQHCPEAMVCIIANPVNSTIPITAEVFKKHGVYNPNKIFGVTTLDIVRANTFVAELKGLDPARVNVPVIGGHAGKTIIPLISQCTPKVDFPQDQLATLTGRIQEAGTEVVKAKAGAGSATLSMAYAGARFVFSLVDAMNGKEGVVECSFVQSKETECTYFSTPLLLGKKGLEKNLGIGKITPFEEKMIAEAIPELKASIKKGEDFVKNMK,2DFD_A,1
15,21,Q6P8J7,KCRS_MOUSE,reviewed,"Creatine kinase S-type, mitochondrial (EC 2.7.3.2) (Basic-type mitochondrial creatine kinase) (Mib-CK) (Sarcomeric mitochondrial creatine kinase) (S-MtCK)",Ckmt2,Mus musculus (Mouse),419,MASAFSKLLTGRNASLLFTTLGTSALTTGYLLNRQKVSADAREQHKLFPPSADYPDLRKHNNCMAECLTPTIYAKLRNKMTPSGYTLDQCIQTGVDNPGHPFIKTVGMVAGDEESYEVFADLFDPVIKLRHNGYDPRVMKHPTDLDASKITHGQFDERYVLSSRVRTGRSIRGLSLPPACSRAERREVENVAITALEGLKGDLAGRYYKLSEMTEQDQQRLIDDHFLFDKPVSPLLTCAGMARDWPDARGIWHNYDKTFLIWINEEDHTRVISMEKGGNMKRVFERFCRGLKEVERLIQERGWEFMWNERLGYILTCPSNLGTGLRAGVHVRIPKLSKDPRFSKILENLRLQKRGTGGVDTAAVADVYDISNIDRIGRSEVELVQIVIDGVNYLVDCEKKLERGQDIKVPPPLPQFGRK,4Z9M_A,2
16,23,Q9D2G2,ODO2_MOUSE,reviewed,"Dihydrolipoyllysine-residue succinyltransferase component of 2-oxoglutarate dehydrogenase complex, mitochondrial (EC 2.3.1.61) (2-oxoglutarate dehydrogenase complex component E2) (OGDC-E2) (Dihydrolipoamide succinyltransferase component of 2-oxoglutarate dehydrogenase complex) (E2K)",Dlst,Mus musculus (Mouse),454,MLSRSRCVSRAFSRSLSAFQKGNCPLGRRSLPGVSLCRGPGYPDNRKMVINSGSVFRVRFFQTTAVCKNDVITVQTPAFAESVTEGDVRWEKAVGDAVAEDEVVCEIETDKTSVQVPSPANGIIEALLVPDGGKVEGGTPLFTLRKTGAAPAKAKPAETPAPAHKAEPAAPAAPPPPAAPVLTQMPPVPSPSQPPSSKPVSAIKPTAAPPLAEAGAAKGLRSEHREKMNRMRQRIAQRLKEAQNTCAMLTTFNEVDMSNIQEMRARHKDAFLKKHNLKLGFMSAFVKASAFALQEQPVVNAVIDDATKEVVYRDYIDISVAVATPRGLVVPVIRNVETMNYADIERTINELGEKARKNELAIEDMDGGTFTISNGGVFGSLFGTPIINPPQSAILGMHAIFDRPVAVGGKVEVRPMMYVALTYDHRLIDGREAVTFLRKIKAAVEDPRVLLLDL,7UOL_D,1
17,0,P12787,COX5A_MOUSE,reviewed,"Cytochrome c oxidase subunit 5A, mitochondrial (Cytochrome c oxidase polypeptide Va)",Cox5a,Mus musculus (Mouse),146,MLAAALRRCTAAAAARGLLHPASAPSPAAAVCSIRCYSHGSHETDEEFDARWVTYFNKPDIDAWELRKGMNTLVGYDLVPEPKIIDAALRACRRLNDFASAVRILEVVKDKAGPHKEIYPYVIQELRPTLNELGISTPEELGLDKV,1OCC_E,1
18,2,Q3U422,Q3U422_MOUSE,unreviewed,"NADH dehydrogenase [ubiquinone] flavoprotein 3, mitochondrial (Complex I-9kD) (NADH-ubiquinone oxidoreductase 9 kDa subunit)",Ndufv3,Mus musculus (Mouse),468,MAVSLLLRGGRIRALKAVLLEARVFPGELVSVVRLSTESEKSAKEKELHPKTQSVLKDVGAEERGKLLTAHTAAALSKNSPPPSSYPSVENTGGAVAGPHPGGSLLPTDEGLPKHLSRKTLVAFPQKVMPPPQARGSDSKAQGHVQKVTNDSSSSSSSSSSDSDSDGEEHDSDRAPRVASKGKAGSSKPEASRPLTTGAPKITVSAKEKAKVQKPPTDVTYPEKTLQPKKKWTKPVEDSKEARSKPVTSRPQSSEMLEQNVKEEHQRGKPRPDKTGKESAKPCEAEGILPSHGKVRVPTQPTSGPVPTTQIQEASAEHPPAVAPRKGARYPEPKVPEPGWKTSSPLLRKESAEKQVPEGGSQVQEVLEDQKPVSYSKTLPVQEKDTVEESARPHLEGRFQVAVEAPPTDAVLPQEAPADTQEPEPTDTTTYKNLQHHDYNTYTFLDLNLDLSKFRLPQPSSGRESPRH,afQ3U422_A,3
19,7,P56480,ATPB_MOUSE,reviewed,"ATP synthase subunit beta, mitochondrial (EC 7.1.2.2) (ATP synthase F1 subunit beta)",Atp5f1b Atp5b,Mus musculus (Mouse),529,MLSLVGRVASASASGALRGLSPSAALPQAQLLLRAAPAGVHPARDYAAQASAAPKAGTATGRIVAVIGAVVDVQFDEGLPPILNALEVQGRDSRLVLEVAQHLGESTVRTIAMDGTEGLVRGQKVLDSGAPIKIPVGPETLGRIMNVIGEPIDERGPIKTKQFAPIHAEAPEFIEMSVEQEILVTGIKVVDLLAPYAKGGKIGLFGGAGVGKTVLIMELINNVAKAHGGYSVFAGVGERTREGNDLYHEMIESGVINLKDATSKVALVYGQMNEPPGARARVALTGLTVAEYFRDQEGQDVLLFIDNIFRFTQAGSEVSALLGRIPSAVGYQPTLATDMGTMQERITTTKKGSITSVQAIYVPADDLTDPAPATTFAHLDATTVLSRAIAELGIYPAVDPLDSTSRIMDPNIVGNEHYDVARGVQKILQDYKSLQDIIAILGMDELSEEDKLTVSRARKIQRFLSQPFQVAEVFTGHMGKLVPLKETIKGFQQILAGEYDHLPEQAFYMVGPIEEAVAKADKLAEEHGS,2W6E_D,4
20,12,Q9CQQ7,AT5F1_MOUSE,reviewed,"ATP synthase F(0) complex subunit B1, mitochondrial (ATP synthase peripheral stalk-membrane subunit b) (ATP synthase subunit b) (ATPase subunit b)",Atp5pb Atp5f1,Mus musculus (Mouse),256,MLSRVVLSAAATAAPCLKNAAALGPGVLQATRAFHTGQPRLAPLPPLPEYGGKVRLGLIPEEFFQFLYPKTGVTGPYVLGTGLSLYFLSKEIYVITPETFSTISVVGLIVYVIKKYGASFGEFIDKLNEEKIAQLEEVKQSSMKQIQDAIDMEKAQQALVQKRHYLFDVQRNNIALALEVTYRERLHKAYKEVKNRLDYHISVQNMMRRKEEEHMIDWVEKHVVKSISVQQEKETIAKCIEDLKLLAKKAQAQPIM,afQ9CQQ7_A,1
21,13,Q99JY0,ECHB_MOUSE,reviewed,"Trifunctional enzyme subunit beta, mitochondrial (TP-beta) [Includes: 3-ketoacyl-CoA thiolase (EC 2.3.1.155) (EC 2.3.1.16) (Acetyl-CoA acyltransferase) (Beta-ketothiolase)]",Hadhb,Mus musculus (Mouse),475,MTTILTSTFRNLSTTSKWALRSSIRPLSCSSQLHSAPAVQTKSKKTLAKPNMKNIVVVEGVRIPFLLSGTSYKDLMPHDLARAALSGLLHRTNIPKDVVDYIIFGTVIQEVKTSNVAREAALGAGFSDKTPAHTVTMACISSNQAMTTAVGLIASGQCDVVVAGGVELMSDVPIRHSRNMRKMMLDLNKAKTLGQRLSLLSKFRLNFLSPELPAVAEFSTNETMGHSADRLAAAFAVSRMEQDEYALRSHSLAKKAQDEGHLSDIVPFKVPGKDTVTKDNGIRPSSLEQMAKLKPAFIKPYGTVTAANSSFLTDGASAMLIMSEDRALAMGYKPKAYLRDFIYVSQDPKDQLLLGPTYATPKVLEKAGLTMNDIDAFEFHEAFSGQILANFKAMDSDWFAQNYMGRKTKVGSPPLEKFNIWGGSLSLGHPFGATGCRLVMAAANRLRKDGGQYALVAACAAGGQGHAMIVEAYPK,5ZQZ_B,1
22,15,Q9CQZ5,NDUA6_MOUSE,reviewed,NADH dehydrogenase [ubiquinone] 1 alpha subcomplex subunit 6 (Complex I-B14) (CI-B14) (NADH-ubiquinone oxidoreductase B14 subunit),Ndufa6,Mus musculus (Mouse),131,MAAAATGLRQAAAAAASTSVKPIFSRDLNEAKRRVRELYRAWYREVPNTVHLMQLDITVKQGRDKVREMFMKNAHVTDPRVVDLLVIKGKMELQETIKVWKQRTHVMRFFHETETPRPKDFLSKFYMGHDP,6G2J_W,1
23,17,Q9CR68,UCRI_MOUSE,reviewed,"Cytochrome b-c1 complex subunit Rieske, mitochondrial (EC 7.1.1.8) (Complex III subunit 5) (Cytochrome b-c1 complex subunit 5) (Rieske iron-sulfur protein) (RISP) (Rieske protein UQCRFS1) (Ubiquinol-cytochrome c reductase iron-sulfur subunit) [Cleaved into: Cytochrome b-c1 complex subunit 9 (Su9) (Subunit 9) (8 kDa subunit 9) (Complex III subunit IX) (Cytochrome b-c1 complex subunit 11) (UQCRFS1 mitochondrial targeting sequence) (UQCRFS1 MTS) (Ubiquinol-cytochrome c reductase 8 kDa protein)]",Uqcrfs1,Mus musculus (Mouse),274,MLSVAARSGPFAPVLSATSRGVAGALRPLLQGAVPAASEPPVLDVKRPFLCRESLSGQAAARPLVATVGLNVPASVRFSHTDVKVPDFSDYRRAEVLDSTKSSKESSEARKGFSYLVTATTTVGVAYAAKNVVSQFVSSMSASADVLAMSKIEIKLSDIPEGKNMAFKWRGKPLFVRHRTKKEIDQEAAVEVSQLRDPQHDLDRVKKPEWVILIGVCTHLGCVPIANAGDFGGYYCPCHGSHYDASGRIRKGPAPLNLEVPAYEFTSDDVVVVG,5GUP_2,1
24,18,P62073,TIM10_MOUSE,reviewed,Mitochondrial import inner membrane translocase subunit Tim10,Timm10 Tim10,Mus musculus (Mouse),90,MDPLRAQQLAAELEVEMMADMYNRMTSACHRKCVPPHYKEAELSKGESVCLDRCVSKYLDIHERMGKKLTELSMQDEELMKRVQQSSGPA,7CGP_G,1
